-- phpMyAdmin SQL Dump
-- version 5.2.0
-- https://www.phpmyadmin.net/
--
-- Host: 127.0.0.1
-- Generation Time: Apr 25, 2023 at 06:19 PM
-- Server version: 10.4.27-MariaDB
-- PHP Version: 8.2.0

SET SQL_MODE = "NO_AUTO_VALUE_ON_ZERO";
START TRANSACTION;
SET time_zone = "+00:00";


/*!40101 SET @OLD_CHARACTER_SET_CLIENT=@@CHARACTER_SET_CLIENT */;
/*!40101 SET @OLD_CHARACTER_SET_RESULTS=@@CHARACTER_SET_RESULTS */;
/*!40101 SET @OLD_COLLATION_CONNECTION=@@COLLATION_CONNECTION */;
/*!40101 SET NAMES utf8mb4 */;

--
-- Database: `spicelounge2`
--

-- --------------------------------------------------------

--
-- Table structure for table `allergy`
--

CREATE TABLE `allergy` (
  `Tag` char(20) NOT NULL,
  `User_ID` char(20) NOT NULL
) ENGINE=InnoDB DEFAULT CHARSET=utf8mb4 COLLATE=utf8mb4_general_ci;

--
-- Dumping data for table `allergy`
--

INSERT INTO `allergy` (`Tag`, `User_ID`) VALUES
('tag1', 'user1'),
('tag2', 'user2'),
('tag3', 'user3'),
('tag4', 'user4'),
('tag5', 'user5'),
('tag6', 'user6'),
('tag7', 'user7'),
('tag8', 'user8');

-- --------------------------------------------------------

--
-- Table structure for table `food`
--

CREATE TABLE `food` (
  `Tag` char(20) NOT NULL,
  `Distinct_Food` varchar(30) NOT NULL,
  `Category` varchar(20) NOT NULL,
  `Nutritional_Info` varchar(200) NOT NULL
) ENGINE=InnoDB DEFAULT CHARSET=utf8mb4 COLLATE=utf8mb4_general_ci;

--
-- Dumping data for table `food`
--

INSERT INTO `food` (`Tag`, `Distinct_Food`, `Category`, `Nutritional_Info`) VALUES
('tag1', 'chicken breast', 'Meat', 'Lean source of protein, low in fat and calories.'),
('tag10', 'orange', 'Fruit', 'High in vitamin C, fiber, and natural sugars.'),
('tag11', 'beef', 'Meat', 'Good source of protein and iron.'),
('tag12', 'carrot', 'Vegetable', 'Rich in vitamin A, fiber, and antioxidants.'),
('tag13', 'mozzarella cheese', 'Dairy', 'High in calcium and protein, low in fat.'),
('tag14', 'white rice', 'Grain', 'Good source of carbohydrates, low in fiber.'),
('tag15', 'apple', 'Fruit', 'High in fiber, antioxidants, and natural sugars.'),
('tag16', 'shrimp', 'Fish', 'Low in calories, high in protein, and omega-3 fatty acids.'),
('tag17', 'tomato', 'Vegetable', 'Rich in vitamin C, antioxidants, and lycopene.'),
('tag18', 'butter', 'Dairy', 'High in fat and calories, used for cooking and flavoring.'),
('tag19', 'olive oil', 'Oil', 'Good source of healthy fats, used for cooking and dressing.'),
('tag2', 'broccoli', 'Vegetable', 'High in fiber, vitamins, and minerals.'),
('tag20', 'honey', 'Sweetener', 'Natural sweetener, high in carbohydrates and antioxidants.'),
('tag21', 'salt', 'Seasoning', 'Commonly used for seasoning and preserving food.'),
('tag22', 'pepper', 'Seasoning', 'Commonly used for seasoning and adding heat to dishes.'),
('tag23', 'garlic', 'Herb', 'Used for flavoring in cooking, contains antioxidants.'),
('tag24', 'thyme', 'Herb', 'Used for flavoring in cooking, has a strong aromatic flavor.'),
('tag25', 'cumin', 'Seasoning', 'Used for flavoring in cooking, has a warm and earthy taste.'),
('tag26', 'paprika', 'Seasoning', 'Used for flavoring in cooking, has a sweet and smoky taste.'),
('tag27', 'mustard', 'Condiment', 'Tangy and slightly spicy condiment, commonly used in dressings and sauces.'),
('tag28', 'ketchup', 'Condiment', 'Sweet and tangy condiment, commonly used as a dip or sauce.'),
('tag29', 'mayonnaise', 'Condiment', 'Creamy condiment, commonly used in sandwiches and salads.'),
('tag3', 'cheddar cheese', 'Dairy', 'Rich in calcium and protein, high in fat.'),
('tag30', 'hot sauce', 'Sauce', 'Spicy sauce, commonly used to add heat to dishes or as a condiment.'),
('tag4', 'brown rice', 'Grain', 'Good source of complex carbohydrates and fiber.'),
('tag5', 'banana', 'Fruit', 'High in potassium, fiber, and natural sugars.'),
('tag6', 'salmon', 'Fish', 'Rich in omega-3 fatty acids, high in protein.'),
('tag7', 'spinach', 'Vegetable', 'High in iron, vitamins, and minerals.'),
('tag8', 'yogurt', 'Dairy', 'Contains probiotics, high in calcium and protein.'),
('tag9', 'quinoa', 'Grain', 'High in protein, fiber, and essential amino acids.');

-- --------------------------------------------------------

--
-- Table structure for table `ingredients`
--

CREATE TABLE `ingredients` (
  `Tag` char(20) NOT NULL,
  `Post_ID` char(20) NOT NULL,
  `Amount` int(2) NOT NULL,
  `Unit` varchar(20) NOT NULL
) ENGINE=InnoDB DEFAULT CHARSET=utf8mb4 COLLATE=utf8mb4_general_ci;

--
-- Dumping data for table `ingredients`
--

INSERT INTO `ingredients` (`Tag`, `Post_ID`, `Amount`, `Unit`) VALUES
('tag1', 'post1', 8, 'oz'),
('tag10', 'post3', 1, 'lb'),
('tag11', 'post3', 1, 'tsp'),
('tag12', 'post3', 1, 'tsp'),
('tag13', 'post4', 8, 'oz'),
('tag14', 'post4', 2, 'tbsp'),
('tag15', 'post7', 1, 'lb'),
('tag16', 'post7', 1, 'cup'),
('tag17', 'post7', 1, ''),
('tag18', 'post8', 1, 'cup'),
('tag19', 'post8', 1, 'cup'),
('tag2', 'post1', 2, 'tbsp'),
('tag20', 'post8', 2, ''),
('tag21', 'post8', 1, 'tsp'),
('tag22', 'post9', 1, ''),
('tag23', 'post9', 1, ''),
('tag24', 'post9', 1, 'lb'),
('tag25', 'post10', 2, 'cups'),
('tag26', 'post10', 1, 'tbsp'),
('tag27', 'post10', 4, 'tsp'),
('tag28', 'post10', 2, ''),
('tag29', 'post10', 2, 'cups'),
('tag3', 'post1', 3, 'cloves'),
('tag30', 'post10', 1, 'stick'),
('tag4', 'post2', 2, 'cups'),
('tag5', 'post2', 1, 'tsp'),
('tag6', 'post2', 1, 'tsp'),
('tag7', 'post2', 1, 'cup'),
('tag8', 'post2', 1, 'cup'),
('tag9', 'post2', 1, 'cup');

-- --------------------------------------------------------

--
-- Table structure for table `instructions`
--

CREATE TABLE `instructions` (
  `Post_ID` char(20) NOT NULL,
  `Step_Num` int(2) NOT NULL,
  `Step_Description` varchar(200) DEFAULT NULL
) ENGINE=InnoDB DEFAULT CHARSET=utf8mb4 COLLATE=utf8mb4_general_ci;

--
-- Dumping data for table `instructions`
--

INSERT INTO `instructions` (`Post_ID`, `Step_Num`, `Step_Description`) VALUES
('post1', 1, 'Boil water and cook spaghetti according to package instructions.'),
('post1', 2, 'Heat olive oil in a large skillet over medium heat.'),
('post1', 3, 'Add garlic and cook for 1-2 minutes until fragrant.'),
('post10', 1, 'Preheat oven to 375 degrees Fahrenheit.'),
('post10', 2, 'In a large bowl, mix together flour, sugar, and baking powder.'),
('post10', 3, 'In a separate bowl, whisk together eggs, milk, and melted butter.'),
('post2', 1, 'Preheat oven to 375 degrees Fahrenheit.'),
('post2', 2, 'In a large bowl, combine flour, baking soda, and salt.'),
('post2', 3, 'In a separate bowl, cream together butter, white sugar, and brown sugar.'),
('post3', 1, 'Preheat grill to medium-high heat.'),
('post3', 2, 'Season steak with salt and pepper on both sides.'),
('post3', 3, 'Grill steak for 4-5 minutes per side for medium-rare.'),
('post4', 1, 'Preheat oven to 350 degrees Fahrenheit.'),
('post4', 2, 'In a large pot, cook macaroni according to package directions.'),
('post4', 3, 'In a separate pot, melt butter over medium heat.'),
('post5', 1, 'Preheat oven to 400 degrees Fahrenheit.'),
('post5', 2, 'In a large bowl, whisk together flour, baking powder, and salt.'),
('post5', 3, 'In a separate bowl, whisk together eggs and milk.'),
('post6', 1, 'Preheat grill to medium heat.'),
('post6', 2, 'In a small bowl, combine olive oil, garlic, salt, and pepper.'),
('post6', 3, 'Brush mixture onto each side of the portobello mushrooms.'),
('post7', 1, 'Preheat oven to 375 degrees Fahrenheit.'),
('post7', 2, 'In a large bowl, mix together ground beef, breadcrumbs, and egg until well combined.'),
('post7', 3, 'Shape the meat mixture into small balls and place on a baking sheet.'),
('post8', 1, 'Preheat oven to 350 degrees Fahrenheit.'),
('post8', 2, 'In a mixing bowl, cream together butter and sugar.'),
('post8', 3, 'Add eggs, one at a time, and vanilla extract. Mix well.'),
('post9', 1, 'Preheat a large skillet over medium-high heat.'),
('post9', 2, 'Add diced onions and bell peppers. Cook until softened.'),
('post9', 3, 'Add ground beef and cook until browned.');

-- --------------------------------------------------------

--
-- Table structure for table `post`
--

CREATE TABLE `post` (
  `Post_ID` char(20) NOT NULL,
  `Title` varchar(40) NOT NULL,
  `Description` varchar(200) NOT NULL,
  `Images` blob NOT NULL,
  `Posted_On` date NOT NULL,
  `User_ID` char(20) NOT NULL
) ENGINE=InnoDB DEFAULT CHARSET=utf8mb4 COLLATE=utf8mb4_general_ci;

--
-- Dumping data for table `post`
--

INSERT INTO `post` (`Post_ID`, `Title`, `Description`, `Images`, `Posted_On`, `User_ID`) VALUES
('post1', 'Spaghetti Carbonara', 'Delicious pasta dish made with eggs, cheese, pancetta, and black pepper.', 0xffd8ffe000104a46494600010101006000600000ffdb0043000b08080a08070b0a090a0d0c0b0d111c12110f0f1122191a141c29242b2a282427272d3240372d303d302727384c393d43454849482b364f554e465440474845ffdb0043010c0d0d110f1121121221452e272e4545454545454545454545454545454545454545454545454545454545454545454545454545454545454545454545454545ffc00011080320032003012200021101031101ffc4001f0000010501010101010100000000000000000102030405060708090a0bffc400b5100002010303020403050504040000017d01020300041105122131410613516107227114328191a1082342b1c11552d1f02433627282090a161718191a25262728292a3435363738393a434445464748494a535455565758595a636465666768696a737475767778797a838485868788898a92939495969798999aa2a3a4a5a6a7a8a9aab2b3b4b5b6b7b8b9bac2c3c4c5c6c7c8c9cad2d3d4d5d6d7d8d9dae1e2e3e4e5e6e7e8e9eaf1f2f3f4f5f6f7f8f9faffc4001f0100030101010101010101010000000000000102030405060708090a0bffc400b51100020102040403040705040400010277000102031104052131061241510761711322328108144291a1b1c109233352f0156272d10a162434e125f11718191a262728292a35363738393a434445464748494a535455565758595a636465666768696a737475767778797a82838485868788898a92939495969798999aa2a3a4a5a6a7a8a9aab2b3b4b5b6b7b8b9bac2c3c4c5c6c7c8c9cad2d3d4d5d6d7d8d9dae2e3e4e5e6e7e8e9eaf2f3f4f5f6f7f8f9faffda000c03010002110311003f00f48a4a296b52028a28a0028a28a005a4a5a2800a28a2800a28a2800a28a2800a2968a004a28a5a0028c514b40051451400514514005145148028a290d3012928a4a402e69c29a29d400b4514b4009451450014b494b4005145140051451400514502800c514514005145140051451cd00145183e868e6800a28a2800a4a5a280128a5a280128a5a280128a28a0028a28a602514b452012968a298051451400525145200a4a5a2801b494ea4a004a5a29298051451400514525200a4a5a4a061451450021a4a53494005252d1400d345145001494b4500251451400b494514084c514b486802cd14518a601452d140051452d0025145140051451400514b4500252d145001476a5a4340051452d00252d1450014514b4009452d14009452d148029a69d486980da4c53a8a40252d14a280168a28a004a29769f4a76c2680194b4ff002fde9c1450323a31ed52e00a5c8145c2c43b4fa52f966a4cd26e14ae161be5fbd2eca378a4320f5a571d85da29768f4a61947ad37cd1eb45c2c4bb47a518150f9c077a433afad170b13f14a3155fcf5f5a3ed03d68b858b1c52f155bed03d68fb40f5a2e162cf1460556fb40f5a3ed03d68b858b381e949b41ec2a0170beb4be7afad170b136d1e949b17d2a3f3d7d6944cbea28b8587f96293cb1d89a4f357b1a5120f5a770b0862f7a43191e94fdc28dc28b8ac47b1876a6e0fa1a9f34bc53b858af454e40ee05218d7d28b858868a97caf7c537cb61e945c4328a5da7d0d2530128a28c5200a28a2801b41a5a2801b452d1400945145300a28a29009452d2503128a28a004a0d149400514514009494b4940051451400525148681052d21a3b5001451450059a5a2814c028a28a0028a2968012968a2800c51451400514b450014514500145145001451450014b451400518a28a0028a5a4a40145145001494b46d3e94009453c47eb4e0a290ec478f6a76c34fe051b80a2e1613652e0530c83d698d30f5a571d89f8a4dc2aab5c0a8dae0d171d8bbbc534ca3d6a8998fad37cc3eb4ae162e99c7ad34dc0aa7b8fad1cd171d8b26e2986e0d43486901219dbd69be71f5a8cd252024f309ef49bcfad328a0076e3eb46ea6d1de818edc68cd2514c05cd19a4a2810b9a33494b8a003269771a4c51400edc7d68dc69b45201dbcfad3bcc6f534ca28024f39bd4d3c5c37ad4145302c8b934f1743d2a9d25303416e57d69eb329ee2b33269db8fad2b858d4f3052eecd66091877a916e1877a77158d0e0d21507b0aa6b75ea2a55b853d4d3b8ac4a631d89a618cd396507b8a7eea770b101523a8a4ab3c534c6a7b7e54c441495298bd0fe751b295ed4084a4a5a4a0029296834009452d25001494b494009452d25002518a28a062514514804a28a3b50025141a4a6014941a290051452d310945141a00b54514b4c028a28a0028a28a0028140a5a0028a28a0028a28140051452d00251452d00252d145001452d148028a28a0028a50a4d382d00331e94e087bd3f814d2e052b8ec2ed028e0546d301dea06b8a571a4592f4c6940ef551a627bd33713de95c762cb4e2a3698d43494863da427bd34b1a314500369294d368017bd2d20a7f6a002968a29805276a5a43d2900c3d68a28a0028a5a4a430a28a4a005a28a2800a28a2801696929698051451408296928a005a4a751400da5c5145200a434b494c04a29d8a38a0041452e28a004a5cd1494c070723bd48b3b2f7a868a00b49747b8a996e15bbd67d1bbde8158d50e0f7a5e2b316565e86a55ba3c668b858b8d1ab76fcaa3309ec7348970ad8c9a955c1ef9a7715880820f2314956b008e4546d083d298ac4145399197b5369882929692800a4a5c525001494b49400945145218514514c04a4a7525021b452d2500145145002514b494016e8a28a601451450014b451400514514005145140052d145001451450014518a3140052d14b4804a5a5084d3c281400c084d382814b9151b4a1475a571d89334c6900ef55a4b8f4a81a42c7ad4dcab169ee0540d313dea2cd27d690ec38b13de90d25140051451400b451450014668cd373400a69b45140c4ef4fcd3296900ecd2e69945301fc507a5373450025145148028a28a004a2968a004a5a28a0028a28a005a5a4a280168a4145002d2d368a007519a4a2980b494514802945252d002d149466980b4519a4cd020a4a28a0028a28a0028a5a4a00292968a004dc477a7accca7ad467a536802f4775eb5612656ef5939a7ac841eb45c2c6b641a6b44add3ad528ee5971cd598ee15b009c53b93611a265f7a655adc0d35a357ed83ed557158af494f78997dfe94ca621292968a004c5252d14009452d068012928a4cd002d145140098a4a5a2801292968a00b545145300a5a4c52d001451450014b45140051451400514514005028a2800a5a50327a53c27ad201a149f614f0a075a5e0546f2851d695c761e4e2a379828eb55e4b8cd56690b1eb5372ac5892e3af355da42c7ad333499a43177734520a776a43168a4a5a620a28a4a005a28a290c28a29b4c05a4a28a4014514500252d252d030a28a2800a28a2800a28a2800a28a2800a28a2800a28a4a402d14945002d14945002d14945002d14945002d19a4a2801d9a334da33400ecd19a6e68cd003b34669b9a334c43b34669b466801d453734b9a00752d333466980ea5a6e68cd00293499a4269334805a434b49400da296928b80b9a706c5328a00b31dc329e0d5a8ee54f078acccd395b14c56364306ef4c6895bdaa8477054f5ab71dcab633c555c9b11b46cbd47e54dab9c30fad46f003caf14c562b514aca54e08a4a620a4a5a4a006d141a2800a5a4ef4b400525068a0028a4a5a00b34b494b4c028a28a002968a2800a28a2800a28a280014514b8c9a004a7aa16a7ac7ebc9a71c28a96c7600a00e29ace17bd4724e17a5539262c4f352d9562796e3a806aabca4f7a8d9b9a6e690c52d4def4514862e6928a2801696929680168a4a280168a4a280173466928a0028a4a290c5a29334668016928cd19a0028a28cd0014519a33400b494668cd0014519a33400514945002e68a4a2800a28a2800a28a2800a2928a402d1499a334c05a2933466900b452668cd002d14da334c05cd14da2801d4537345003a8cd373499a007e697351e6973400fcd19a652e6801f9a334ccd2e6980ea4a4cd19a402d1494500145145200a28a2a84145145002e69cad8ef4ca2802d477057bd5c8e7571d706b2b34f59083d69dc4d1ac5438c11c5579202bcaf229915c918079156d5838e0d55c9b1468ab52421f91c1aaaca50e08aa10d345145020a3b514500145149400514521e9401728a28a60028a296800a3de8a2800a28a2800a39a2a48e2ddc9e94008aa58e3a54aa81453f01474a8a4982038352d8d21cee1475aa935c67383514b316279aaccd9a86cb1cf2126a3dd499a290c28a4a2800a28a2800a5a4e696818a28a4a5cd200a2928a005cd19a4a28017349451400514525002d1494520168a4a280168a4cd19a005a29b45003a8a6d25003a8a6e68a007519a6d1400ecd19a6d266801d4b9a6668cd003f3494dcd19a603a8a6e68cd20168a4cd266801d45373466801d499a6e68cd003b34669b9a33400b9a334dcd19a007668cd373466801d9a4cd37346690c7669734ccd19a603f34669b9a334087e68cd373466980fcd26693b514807668a6d2e6980ea29b9a5a00751494530168a4a5a0028a28a0414b494b400e56e6a68e62a473cd57a50714c46a47386033d69ec8ac304566a3e3bd5b8673c03c8a698ac32488a1f515156870e3d6ab4b063257f2aab92418a2969298831494b450025252d21a00b9476a28a6014b451400514514005145598a1c7cce39f4a4dd806c50f4671f854a7814acc14124fe75467b8ce403c7f3a9b943e7b8c0214d519242c4f348ef9279a849cd4942b35368a4a430a28a2800a28a281851451480296928a005a2928a402d1499a33400514525002d14949400ecd19a6d19a005a334dcd19a005a29b466801d499a4cd266801d9a334dcd19a007668cd333466801d9a334dcd19a007519a6e68cd003b3499a6e68cd003b3466999a33400fcd19a66ea4dd401266937547ba82d40126ea4dd51eea4dd40126ea37545bbde937d03262d49baa1f3293cca00b1ba8dd55fcca5f33de8026dd49e60cf5a899f8a66ea2e058dd4bbaab07e6a4dd4ae3b12668cd33751ba900fcd1baa3cd2eea680933466999a5cd310fcd2e6a3cd2e68024cd14ccd2d003f34b9a652d021d4b9a6e696801d453696980b4e14ccd2d003e8a4a5a6018a28a2810528a4a2801c0d48ad51d28a622d473153906ad2c81c71d6b354d4a8f83d698ac58961ce4a8e7f9d57efd2adc7287183d69258b70c8eb54992d150d14e605490453714c421a4c53a92802dd2d252d300a28a2800a28ab30c3b7e66ebd87a526ec085861dbf3375ec3d2a47608b92687708b926b3ae2e0b9fe95050b71725c9c74aa6cf93d6919b24d464e69329013494514862514525030ef451de96900514945002d251494805a2928a005a29b9a33400ea4a4cd19a005a292933400b9a292933400b452525003b3499a6d1400ecd2669b9a4cd031d9a4cd266933400edd4669b9a4dd400ecd19a6eea4dd400fdd46ea66ea375003f752669bba8dd400fcd26699ba93752024dd4d2d5117a633d2e643b13799ef4df33deabb3fbd44d36dea68e60b173ccf7a4f32a87da813d68f3b8eb45c2c5d327bd27999aa62427b54aad52e43e52c6e268dd51eea42fef59caad8b501e5bde9864f7a631f7a6739e959fb52b9097ccf7a4f37dea3a4c552aa27027f3bde9ad27bd45f8d31b38abf6889e526590e7ad4c92e7bd67ee39eb522b9c8e688c81c4d1df4bbaaa2cdef4f127bd6a4963752eea84494bba9889b7500d45ba9dba9812669d9a88353b340126696a3cd3b34087e696999a5cd003f34b9a66696801f9a2994ea043a96994b400fa2928a603f34b4ca76680168a4a5a603852e2917a52d310b4e069b4b408955b9ab31cb9186354c548ad4c45a9620ff5aaaca54906ac472f1834e9620e3dea9325a29d253994a9208a6d3116e96928ef4c05a28c54d0c5b8ee6e82937601d0c5fc6df80a9ddc22927a50cc15493d0567dc4e5cf5e3b546e5584b89cb9f6aa6cdcd0cd93519348a1334945148625068a4a062d25145200a28a4a401452525002e68cd25266801d49499a280168a6d19a00766933499a4cd003b3466999a3340c7668cd333466801d9a4cd37349ba801d9a334ddd49ba801d9a4cd3375216a007eea4dd4cdd49ba90c7eea4dd4cdd4ddd40126ea37545ba9375004dba9377bd45bbde9377bd004dba937543bfde9a64a570b13193de98d27bd40d27bd42d375e6b09d4b1a28968cbef4df33dea919b9eb4e566622b1e66cbb22c33f5aab2e589ab2abc74a72db3487e452df414d49858cf08d9156638c9157e3d2e663f77157a1d25801902ab99b1592325633e952a407d0fe35ba9a5f1d40fc29ffd99c7defd28d457461f93c535a3adb3a61ec69bfd9e57b0a8687cc8c3f2cf607f2a5f25c8fba6b705a05ed4f5b75f414b947cc60792ff00dd34d65603ee9fcaba3fb32fa0a69b55f414728731ccb1dbd411f8544d22807915d3bd9ab0fba3f2aa936971480e6307f0a5690d3473125c8cf5a60ba1eb5ad75e1e8981f2c143f9d615e68d796f968ff78be83ad546eb7345cacb02f07ad4d1dd64f5ae6da7923621d594fb8a9e0bbc91cd69ccd14e92b1d3acc0f7a9449ef58b0dce40e6aea4d91d6a95439e54ec5f12669e1ea92be7bd4ca7deb453467ca590def4e0d500fad2f3eb4f990ac590d4e0d5543114f592aae2b16334ecd42af4f0d45c09334b9a8f34ecd301f4b4ccd2d310fa5a652d003e969b4b400ea5a6d2d021f45369d4c0776a70a652834c07d3874a6034e14c43a97bd20a75310e56ab11c9d8d54a915a8113cb1ee191d6aa11826adc6fc60f4a6cd16791548968752d14aa0b36077aa10f8a3f31bd875ab5c20f6a1102285155ae66fe1078159b77290cb99f3c0e9545db24d2c8c49eb50b1a45084d2668ef4948614945250014945252b8c5a28a4cd200a4cd14940051494940c5a293349400ecd2669292801d4f8633337b0a8b35a366a15454b76013ec2bb7a7eb55a6b768f902b6c05c545244181e2a39f51d8c1cf3499ad0b8b40d92060d67c91b4679156a498584cd1ba99ba9375500edd46ea66ea4dd4807eea4dd51eea42d400fdd4ddd4c2d47ccdd013f852b80edf4ddd4be5c87b6293ca7a2e3b09ba9bbe9de4b531a26a570b06ea4df48d1b530ab7a5170b0fdfef49bea26dde869858fa1fca95c7626327bd46d2544ce7d0fe551fcf21f941a8948690f925e3ad439690f02acc7665b96ad2b4d1e6b80191088ff00bc7fa7ad733bb66b7491951c2722b56db48b8900628501e9bbafe55d0d8e970da804460c9fdf3c9fc3d2b43cb03935aaa7a5d99b9f6322d7458100322991bfdae9f955f5b5550005000ec0558c814d2f49ca3127563042a0f414f0aa29bba8cf159a9f61d8938a4c8a81e42a3350b5c01dea655b946a0d974114b8527b550175cf152ace4d38d74c1d365b6456182a08aacd6f8fba29eb39cf26a6470c3ad7429c6a11671339e4319c38c5279cb57a681645231f4acf6b72a4835cb521522f4d8d62e2d0ef3969be747ea2a19a33b4d62de5eb5ab7ce4e3d6b375251dcd1413d8e8308e3822a392d5581e2b0edf585661f30fceb5e0be5703915a42ba13834675fe8705ca93220cf66039ae76e7c3c2163b47e22bbb2cb2629925b2b0e82b75696c253713cedad6580f1922a48a6e46739aeaaff004ada0b22fcbdc7a561cd63cf4fd2b195d33552520864cf7ab4ae3d6b29a39213dc8a725df3cd47b4684e06cab7bd3c1acc4bace39a9d6e3dea95464b89729a6a35981a76e0c3ad68aa10e2396423bd4cb27bd553d680d835b467721c4beadef4e06ab249532b715b26412669d9a8f34bbaa84480d3aa30d4e069887d2f6a6e696801f4b4ca5a007d2d329d4087d2d329d4c07034e14ca70a62240696999a7034c43a945252d302456a995b2306ab03522b50226ed56e08f6aee3f78fe950c11ef6c91c0ab32384427f2a6df42511dc4db46d0793d7dab3647c9a9269324f3cd5666a4521ac79a652d2549421a4a29280128a4a4a430a3349452016928a4a061494514005368a4a002928a4a005a334dcd19a431735661b9db8e6a9e68cd26ae06cc7759c73561660c2b01662a7ad588eeb18e6b9e74dad5169a3618061504b6eac0f02a38ae738e6a669032d66a6d6e3e532ae2d4024a1aa4d95382315bcd086e82ab4d641d7a56f1a8992e263eea42d52dc5abc44e0122a28e1693b71ef5a5d0ac26ecd2a233b6307e9567c9d8a001c9ad0b0b55dbcf53de95eeec8a4acaeca51d99c0256a40bb7865dbf856dadb0c74aaf711aa83919aa717d0575733b6ae293cbf61522c2246e0902a6fb2ed1d87e3585a6cbd114fc93e94d36e7d0fe556da265fbb9a158e70c2959adc0a26ddbfba7f2a61b56c7dd3f956c2a29038cd06153d8fe754a2c57313eca7d293ecd8ec6b5a48547634d58727a517b0193f632c791534766aa0715a7e52a8e957acec80c4d22f3fc2a474f7353ac9d90376456b1d257024b8518ec87f99ff0ad5d8001c0e3d29ff5a8269b6835ad9416867ac98af2aa77aaef7abeb59b797bb41e6b1daf2798968c0da3b935e7d7ab3e876d3c3dd5d9d3add2b77a93cc18eb5cadbea4c1ca4b90c3d6b563bccaf5ae5a7394b71d4a3ca6a7983d69cae3d6b29aec29eb524334921f95491f4ad14dc599f2685f9395359b32bab1c1e2b4a38dd87cd81527d8d1bef64d743a6eaeb6214940c9891b8abb129c8c8ab42d9147caa053bcb0074ad2347949752e491a8c0e07e54ad00ea9f29f4ed48926c3c8a9bcc1eb5d69424ac60ee990ab7041ea298e8090714b237ef0914d0fc7bd6775b32889a2183c560eb7a72dc40e31cf6ae88bd437118910f19a89414934691934cf1c92e65b1b968dc9ca9ad6b0d78820337eb573c49e199a6b9f36d99413d88ae56e348d46d09630311ea9c8ae1747e475a9267a1d8eac9301f37eb5bd6b32c80735e3b6baacb6d200e1948ec45779e1fd50dd22f3574dca0f522714d1d74918653c5605f5b08a6200e0f4ae86293cc881eb597aa2e62271cad7554d6374610767630e4b60c0f159d71a7eec9039ad08af0162add4715606d90718ae7f7646daa39c36f342724165f514f590e2b7dadc1078aa7358ab13818a1d3b6c1cc51598fad4c971d39a865b678c9ef50eeda68b01a8b206ef4ecd66c7360f26adc72e40e68bb426ae5956e7ad4e927154f753d5eba2150ca512f06a766aba49526ee2ba5333b12eea706a87753c35311306a7035086a786a604b4ea8c1a766988752d252d021d4b4da5a0078a70a60a78a100e14b4829d5421453e982945508753d4f34ca5a00d84511a01552e25c9f6a9a7936ae01acf91b9a0431db93511a731e69952310d36969281894da534da431292969290051452500213499a0d25218b9a4cd2525002d36969b4c614dcd1499a402e693349499a402e693349ba9bba80149a6eec1eb485a9a4d03278ee4a91cd5d86ec10326b249a412153c1ace504c69d8e961981039ab1f2b0ac0b59d988ad6864381cd72b4e0cd371f25b86ed5564b7db92055f0f91432834d4c5631266f2c8dc2add95d2f001a65edb9706b11647b5bb0ac4e1ba511a8e12d4da3053476d0c81875cd32e220e0d50b3b9db8048ad30dbd457a3195ce5945c5986dbade621ba1e86ac4732b01c8cd5bbab412a9c8ae7eeadeead9f28372faf7a4ef1293523657e634af18c6702b22df513bc2b020fbf6abff006a523ae7f1a768c90b54c7f2a460d49bf8acfb8ba0a7af152da3198038ae693e5762f974b96bcbddcd48b1f1d2a68e3f9471522c7bbaf4acdea4dc65bdb86c3bf4ec2ae138ef4c5c28c54534df2902ab99538f993672632e2e82700d65dd5f80a79a65ecd8e99fc2b39ad2694932ab20ec08ae475e4dd91df4a8c52bb33afef9a42c3240f635a5608ad00ce3a551b8d2b7383b8ad6ad9da36c0b18248ef9ac5c6a6e91d7370e5d0c9d46d64f303c2b961d067ad5db0b1ba9954b9f2c7a75353cf0c91b7ef508f7c55eb19c281922952826fded0caa49f2e84f6fa5c69824163ea6afc70aa60018a62dc2b74a52ecc3e5e6bad38c36479cf99ee4d90290ca055762ff00dd355de62beb59cf13ca354ee5f32d34c954d66cf7a90482a3dbb7d47ecec4a64a8fce3d8d373bf80697ece7ae0d2e69cbe11d92dc951b2291db078a154a0e4546ed835d37b455ccf761bdb3cd4a1b72f3512e0d3d6324f040aa8b60ec55b88564ec2a94d628ca78ad76b739eb4d68700d26e5d8a4d1c66a5e1db7ba277c63f2a9b48d296d19628942a8adfb84c374a96d60551bbb9ac95a4ec68de8588232a839aada9425a238079aba1c2e39a49b1244456feedac65adee7985e5c35bdfb0e466addb6a1c0e69de2ab211ceb3c7cf66159f636373328915004fef3b0515caa9b6ec8e9bab6a7450de8600135655d5876ae7b6cd0b8528777fb3cd6a59c8c400e02fb375ad62a57b10d2dcb8d02c99e2abcba3999498d7f5ad0894b918527f0ad386d599464015aa827a3326ec70b3dacb6ec432918ed8a89262a7935dddd6922e00de46718ce2b12ebc222462d1dc327fc06a250686a68ca8e70d8e6a657a73785eee13fbbb90ff55c51fd9b7908f9915fe86b3b38b2ae98f493deac24991d6b3d83c67e7465fc2a58e5e7ad74c2667245fdd4e0d502b640e69fbab64c8260d4f0d5006a7ab53b889c353c1a855a9e0d3112834fa881a78a621f4ea6669d4c070a78a60a70a10878a7d3053aa843a969053a988053e9b4ea605899f24f35558d4923726a1340094da7536a46369a69c69b486369296929008692969b400536969b40c28a4a4a002928a4a43034d34669b9a005a4a4cd26695c619a693499a6934805cd213499a6e680149a693484d37345c62e6a48a32e4714d8a32ed5a96b6fb88e3b73594e7629216d6dba1c55e55da3a5491c414018153792cc090335935743bd8adbb1522bd4337eec9cd45e7007ad70caa72b3651ba2d48bb94f15977366acc18a83deaeadc7bd2b156c56d09a98ace2ca36c8e8dd0e2b66d770009638ace320463d2a78ae80ea4577d36899a72354e08ea2a95c4790481c51f6c8c8c64511cc8cdcfff00aeba548e7e568c59e28c92eaa378e9c5507bbea091915d3cec850f03f2ae6b52844ad88d40909c0e2b2abeeab9ad35764568b25ecb8249406bacb3b558a3503d2ab689a48b781778191dab60a851c573453b7331d49eb6446b1ee60bf9d582a00e05246bb473d4d3669362d6aad08b948c356ec882593048150b0dc3ad46ccccc71d6a58e1936e5f00570c64ea4b53a2dca87dbdbc6ac0851bbfbc69d751c7e4b641fad569ae0db8eb5526d4b790ac405ee2bb60e0a3ca2509b7732e4b946620107f1addd1b0b0a824076f9b1edef59b2cd1344410b8ec00029b6d34910dfc00380334535cb2bee74d5f7e16d8e9e648a442b2aab03d4115cbdfb416772ca8d81d8669b77ae4e8a55081c75ae6efa692694b16249ef9a9ad38bd96a2c3d09c7767490de8c70d9ad2b4bbddd4d7196b72c0aa1cb31e8a064d759a769b74c81e61e4a9fe13f7bffad5841bbd91a578462b534fcf19c7029c104a39534f8ed9231d39a97216b669bf88f3db5d0adf608dbf8067eb4d3a60fe1936feb56fccc51e6d652a5425ba1f3cfb914368223cb6efc2a76181da99e652f995a41d3847962887ccddd95e67c0c77aa8df3138ad064570722abb5b6d2769e2b2aaa4d5cd60d22b2b153835663905579463834c49307ad73d3a8e2eccd251bab9a3e60f5a63c8b8ea2ab17ca9e6b2af2f5e16c72735ad4a925a93185c9af66f9be4eb5259b958fe6249acd86432124f5357a3ce4041cfd6a69ff31ab8e85a91f806a2fb48f9867344b1bac64921b1d8553814c92fca3357383bec38dac62f8924c5ab9da41edc54162d0c96c2494ef09c04cf19f7ae92f3446be84a48c307af1542c3c31f60909c9704f7ff000ae9a49c3568894a2d6e451dbcd3c03ecf188c67d38c7d2b5ad7494015dc167f535a3040140e2a6dcabe94e7517532bb238ed9540c01532a8518a6ef27a034c666ae6955ea8144b1b87434d3b6aa990a9eb4c69f0339a8fac3bd87eccb2c8a7d2a27b7520f02aa3df0438cd22ea484f51f9d3f69dc3958f92c5181e07e559b73a3a312506d3ed5aeb768dfc429e595876ab534c2cce55eda6b73c82c3d40a456c8ae964b75607818acdb8d3d724a8c1ada3225a33c353d5a99246d11f987e348ad5aa622c2b548ad55d5aa456aa4c92c29a78350ab5480d31120a78a881a905310f14f1518a7ad310f14ea68a70a621e29c29a29c2988752d14b540318f34da53494804a61a79a61a431a69b4e34da43129b4a69b48029a694d368189494525001494536818b9a6e6933484d480134dcd04d3334862934d26909a426800269b9a4cd266818b9a696a42d51b375a9b80e66a45f9980f5a8f77353d98f3242d59b91691a16b0f1d2b5ade3dabf8554b78f240ad485549036fe66b28fbd21bd108a0a9157548da30698d08c75a80486362a4f7ad1bf64f533f8b61d7300901e39ac8b8b4923c9405856d2c818734a5558738ae7a94615b5ea5c27281cb1b828d86c83e86a45bbf7adab8b2826056450df85664de1f192d04cc9ec7915cbf56ad4de9aa3a15584b729dc4e58706b326be785b249ad37d26f63cf0b20f638aa175a6dce0e606fc2aa4e6bc8da128159b5c5fef303f4a7c3e23d87939159573a7dc06e2093fef9a645a6dd48462de4fc46292af57b9bb8d268e88f89964c46a859dba00326a7d3fceb8bc0d244ca17b9a7787f43300324b161dbb9eb5d55adaa213802bae1ed6a25ccce1a93842ea289edd7644a29fc6ee69cc36ad55693e63cd7549f2d91c49736a5967e2abb2994d2ed66039a9940514dae77a87c242b0aaf6a7b300bd692491477aa37171853cd6152a2a7a22e31736676a570be6819ac6ba9d40241a66ad767cd3826b266b82c319cd649dcf5a953b24598ee1a599114f24f5ad66465889491bdf22b9db6936b86f435acb7335c9582dd0c92bf0a8bdffc056906a298eaad7429df4de592cce31ee6acd86857d7f12cd223410b7dddc3e661eb8ec3eb5d2693e168addd6e7512b73723955c7c91fd0773ee6b7a461f8d5b8697968724f176f761f799ba46916ba62ee8a21e61eb2372c7f1ad3694540d26def5526bd440791593aca11b239b965525765c697dea092e556b1a6d5773948c966f41535b5b4d3fcd236c5fd7f0ae4756751da08dbd928abc8bdf6b04f5a789c7ad549512118518fa9aacd71b0726a651a90f898d4632d8d492e5506734c4bc0c719ac6170d7136d078ef53bbac0b935953a939b6d6c53a6969d4d8170b8eb522cc1ab9cfb7723078a9e1bef98735d50ab221d2346f14ed2cb59ab71f363f9d69ac8254c5616a486de5f3074ef515a3f6d0e9ff002b35a39322a1bbb55954f1556d2e4381cd68abee5c5694df32b0a4b9598c8be49da7b568d8c73cedba38cb28eac78155ef21f9c3015bf637311b58d6360368c6338ae8a14ef2d58559da1a2336e6410e439f9bd2aadbdd24527cd81553c4daa422f0242c18aafcc41e335ce49aae58fcd5b4a5ae86d4a8b942efa9e9315dc6ca39144d771853c8e95c043a9cdb709291f8d5ab79e5bcdde64efb47606b455afa24652c2f2ead9d55bdc2dc390afc55d58107519fad72fa5eeb1b928599a27f9958f5fa1ae8cdd2ed04115cadc53bcf7339c5a7eeec4fb401504ac00350c9763d6ab34ed21c0ac27888ec8234df509a4c1e2ab9df27406ac25bb39e715721b55e339a885294ddcb9494518ada6b4ad9627e943696631b941ae916dd063029ed1291d07e55d9ec15b530f6872abb90907a8ab51cb8c735ab258ab3160a3f2a89b4f51ce00ac1d1917ce995d66f7a712ac29ff61247cac0531eda48c70c1bf0a5cb523d0778b2adc40181e2b2e684c6c481c56c331030462a95c0041ad69d425c4a0a6a45350b70c69ea6ba9320b0a6a4150a9a914d52249453d6a35a7ad3112ad3d6a35a916a892414f1518a7ad302414ea68e94e14c91d4a2929c298111a434ea69a0069a69a71a61a4310d34d29a6d218d3494a692900d3494534d0310d2529a6d030a61a526984d48c0d21a334c26900134d2682d51b350314b52669a5a9a5a900edd4c66a42d5196c9152d8c566e6987356628770a97ecbc74acdb29229f964a13cd6969b6bbb6aa8c1aaf247b555715aba6b08595bd2a1d8ad4d98ec62854672cfdce69bbbc9947b54bf685209cd529e43927d6b4a8e105ee99c536f53553e65ce6aa5c42dbf8ef4fb19c4910427951fa559700e29c946b53b929b848a1b0a8e0d289481d79ab0e02e7818aa327de3826b9e74b97e1358be6dc7ace771dc2ad23ab0159e15c9ea053d5994fdea852a911b8c5ec5e2aa7d290c4a7b0aa6d71b075a4fb681dea957d6cc5ecdf42c35b4647205576b78d0e70334d7bfe3ad5296f5a470abd49a552b452d11a429cba9a90f1d2afdb821727bd53b387685dc41ad2ae9c3c64f591cf55abd90c97ee55251fbdc9fc2af3fddaaeabf39aaab1bcd130764c91781d39a9081b7148385ce2a291cf415adedb93bb32aee668a4233deb1f51d43ca88fcd8cd686a79524926b93d498be4139af1a6dfb5d4f4a946f12b4975f6866c9fc6aac87e6ea6ae58e933dd4266deb1c79c0c8c93f85576b29a4be5b384069d8f1e807a9f6aecb595cec8cd2d2fb0eb3b59efae160b44dd21ebe8a3d4fb57a0689a2c5a5439c979987cf211d7e9e829743d221d2ad0220cbb72ee472c6b49dc0156ad157679d5ebba8f956c39e4c0aa93dcac6b926a1bcbd5854924573525f5ceaf7bf63d3d7cc90fde6fe18c7ab1ae5a959c9d9134e8e977b17efb5c8e30df38e3dea959c17dad3ee56f22dff00e7a30e4fd056a697e108ad5c5cea128bbb91ca8c6234fa0ee7eb5a31ac893b33367e83029ac33ba751fc8bf6d14ad4fef2bdb68f0d928da0b37763d4d4d248231814f9ee02ae49ae7352d6a28f2a241f9d68e51a6ad1d088c6551ea4f7fa82c20b13935cfc9ab995f0a49cf4f7aced535649810a4fe75910dfb4520753823a715c95213abb6c77d3a6a28f4ad36031401a4c03d4fb550d5b5782325558123deb0078ae46b6d873bb158d133de5de1d892dcf5ae954572a82d888d36e4e523aab5bc8586e721b1d14f4a69d6618656002e41f5ac77b3921c08cb39233b5413f8f15576ef3d326b4e4515648da34e12776cee74dd792e36af02b46f9167b72783915c0d84bb6658c1dae4fa57790a15b25ded9c8ce3159a8377473d7a71834e273705d9b5ba30b93d78fa57476d701d4106b96d6ad65fb4a4b0a1603deaf6977db942b828c3b115cb04e9bb04e3cd1ba3a39086427bd72bac5fbdb36d562323d6ba149372f5ae5fc4d6cc53cc5ce4576b774450b29599cf5c5f33b139354cdd1ddc9a8cc9c9cd5790e718eb5b289e8a66cdbdf7419ad6b0be30dcac99041e08ae521240e7ad5d8672a79352d58caa439958f43fb747222b6464f4a956f199401926b8ab5bc6f35177704fad775a6c6a6253c5736229caabb5ec71f2fb25a93410cb260b568436a06339a236551da9ff680075aa852a74d1cf29ca5b1616355ec29fb82fa5673de7279a69bcf7ab75e2b623d9b66a79c31d69a671eb597f6ae3ad46d79cf5a9facb7b0fd91afe7af5cd35a6041e6b19ef8ae7047d0d40daa853c9c5275e635491ba92ae7a50ecac2b0c6acbfde152aea6adfc4288d776b3074cbb246181e2b32ee0383b4d5c5ba561c11492157069269b1d9a39b95991f0c314f46ab9796e181e2b333e5b609aea8b21a2fab548ad55124a9d5ab5441654f4a914d40ad5229aa42265a916a15352a9aa4492ad3c53169e2a8448b4e14c5a78a621e29d4da75022334d34e34d340c69a61a71a61a431290d2d21a40369a69c69a6818d34c34e34c3480434c268634c66a96ca0269a5a9acd4c2d4ae3b0e2d4d2d4c2d4d2def4ae161ccd51b35359aa366a571d8796a6eea8f75216a5701ecd4c0df38eb428f31c2fad6d69fa7a7048e6a1c8ab1159c6ec07ca6b492dc903e535a10daa281802ada42a3b0a949b1391832e9e58838ef4e8ad9e31d38adef255874149f65040000a6e9360aa58a36f0b39ff000a4bb84aad6a41108d48c77a65dc61e3e9cd53a3fbb2554f78c8b29195ff004ad78df7ad5282d0649c727d4d5b0862c7a56546338475d8aa8d37a0b22e40aad2a05c9c55daab70db41ade56b11165269157209a85a75cf5cd364883312c4fe7559a31b8800fb571ca537d0e951417171d79aa3f686cf5ab3243c7279aa7247b4d72cdb4f53a616b12acc769f9a8b59435f20cf35518e01e4d32d1bcbd451fd78a9551688a6b467790ffab1eb532b951eb51da309205c1edcd4acbb39ed5ec453b2923ca7bd9819370e94b18e49ef4884376c54838e95ac536eec87a6823f4aa6cf863575bee9acc9db6c847bd6759f2ea5d357337592440cc06715c15d5f1694865da47515e9b24693444100fd6bcefc49a59b3b96950131b1fcabcfc442d691e861a6afcacddf0db8bcb6110230bd4d75369a7db5a6e68a15576fbce07cc7ea6b8ef025b4de5cb70c08899be4cf7f535dbb3715b42a3e44d98d75efb487338038aa17575b7e5404b1e00a92594f414410856de796f5ac252955972c498a5157666368373a84aad773f976ddd23e19bdb3dab76ceced34db7f26d2158a31d94753ea4f73f5a779a02e2abcb70aa09240aea8aa7457bbb91294ea68f6279a6cf19c565deea115b21691c0fc6b3f52d763b75211867eb5c1eb9a8dc5f49812154f4ac2755c99b53a2ed735b58f14348c6381b8f515c95d5f48f212cc49fad0e36a1c1cd54642cdc8aa841753ba2947614cccc3249a954961c0cd11db990844577723eea2963f90a238db71001c838208c106b68d915cc5881955d77818ad4d1ecfeddaa88e0d8acc33c9c003b9ab5a1f86af3538259a35448871b986e663e807a7bd1690be8ba817dd89138c743f88f4abedd8c9cef749ea68c8d3689752452e3f7aa0ac911ea3dbfc2a3d23469f56d51a73162dd5b74996dbd7a28f734f8fccd7351892493ca5fefe3ee8ebc0ee6b6eebfe24310fb14ad2230c959b939f5e29b6b7fb28cef25eeaf899cef892d62b6d62de4b4023c0c4899ce0fa5689d6649152204966e2b96d5f531bcbbbee9092c4fbd5af0fea6915d3cd70039d985cf41eb5114ea3ed73570e58ebab3a412f9ff2e0e47183eb4f36bb948da14af6f7a4b7b34be617305d84727fd595f948efcf635ad7cd6da659a91821b00961c9ab7462a2efb187b4d525b99d6b31c98df21969f7d6e2e6dd8103915850eb292df85cf39ae96160ea3deb929be84cd38b3cc751b27b5bc68c83b4f4a896d73dabb3f1169a2543228e4735cf24602f34a729a76475d3a8a48cef24af6c8a8d9594e41ad668777dd5a6a69d239e41c52551eccd39915ec4bbcc9ec6bbfd32693c955018fe1581a469691dc2348a080738aedede4448c6005fa715b460ea3bb7638f11556c90c58ee180f9768ff68d2985c7de7fc854ef751ae7e6154ee3508d41e78a6e9535bb3954a4c8e56dbdea06b8e7ad66de6b51862011545b53de4e0d7255e589d108b66e1b9c77e6923937bf26b223badd8c9ab51cdd306b929ced2b9aca3a58d9689648fa861e86b367b3e4ed271e84d5bb4692760a83f13561ad64dfb70a7f1af49c94d5d239ad6673f25ab60ed247e354a492e2027049c5750f6ebcefc5569b4a59866327f2ac254efb15cd6dcc4b6d699582b923eb5b56faa0900e6b3ee74664077c3b97fbcb59be5496ac0a312be87b5438ce1a8f491d44b70ac879ac5b8946f3cd575be62b824d46ede61ff0ae8a53b99ca362f432e71cd5c8db38aca8f72e2aec3274aec8b3168d056a994d548daa756e95a2649614d4ab5029a956a8964ea6a55a854d4ab544922d3c53169eb5421e29c2905385022234d6a71a635031a69b4ea69a4c636929c69a6801a69869c69ad48631aa36a7b544c690c6b1eb5131a7b1a859aa594233546cd43354323e01a863481a50bdea2f3bdea07dee3207154e498c64863593a963654ee691947ad33ccce79c5558d67987c9148dff00013527d8efb6656d64603daa7da229534485bd0d4b1c7bf926ab24172b9f32de65ff0080d5bb76c01b811f518a6e6ac4385997aced006dd8e4d6f5b47b14564daccb81c8ad486e1703915973263e565a8e4766f6ab884902a8c7226eea2aea4808eb5706bb99493275a901c542adef4fdc0d7445a462d12e452150dd6a2dbe86972cb55ed1f542b0a23da7834c914f34be776228dc0d4b9c5ab21a4c6c6188dbe94925babfdea9948e698dcd26972db71a6ee5692c2165ced21bd73595736ed6ec79c835b8770aa7a8466484d73cde974ac6b4e4efa986f20c1e6b3ee2755279155efaf3ececc8c79158171a9966c66bcda951cf447a1081b4d74b9a62ce37023b5644733375356ad242d748beb5ce949335b2b1e81a2dcb342a483d3bd6d290ebcd64d8c263b288853c8c938ab90cac0e2bdca73f66929753caa8b99b689d90a72bd296363bb9a72387148c9e95d36fb5131bf463c9e3ad666a119dbe62e78eb579c123de936891086c1f5a9ab1f6a9c4a83e57731e19f8eb4dbcd3e1d4603148a0abf07daaaea092585ceec131377ad0d3dbcd5de0f1dab8694dddd39a3aa4acb9e24d67671d8db2451a8088300629d2b6054923557918639345595bdd4671bb776576906fe6a5fb4003ad67dccc10935cf6a5ad4b182a80d7146ab868757b3e63a1bed721b453b9813f5ae3f52f15cb339584e0561de5c4d70e4c858d532ae7a21ad97bdac8d634d44b571a849292598b1aafe6799c9269561761f769e2d1aad289772254dfdea482c9e6956341f331c0a9163f2cf35d3e85611ec172c417fafddad39ac82fa1d4787b49b5d1ad02dba8f31f977eec7dcd47aef85a1bf71790aa8b8fe238fbdf5ff1a6adf08f8cf4ab90ea61b186ce2a635e2fdd91cce1352e6899ba6595e6964ac51923bae7a56d44924c77ddc4173d372827f3a826d6bcb4f923064f522a65d6609ecc8906d931d2baa1560b453329d39bd5c46cfa3c574088957ccfef91d3e95c3f891ee74b2f05d6437f0b7386aeca1d46687f78a0141d41355f5c363ae69ed0dc4419d8601ee3e95139426b99bb335a7ed29cad6ba3c5e6669e52cc491ee6a649da34da0d758be036b8b8786c6e4b32a6e21c73f4c0fe7596fe1d9addf65c46c8fdd48e6b593e446d1a8a4ecca961ad5d5a9d91cce1339db9e2b5ae35fb9d42258db2c40e0566cda7a44db631f356c697a5850198735c929293d0db9e11d6da95b4dd364375e7ca4fb2d76968fb500acdda90af0053ed2e09939e3149cd2b1cb3bcb5366e211710918ae5a6d2cc572c0f2a7915d3adcaaaf5acdbdb84dc4e456b2b346506d14a3b355038a936c71f61542e3568e3c804567c9a9990706b3bf635516f7371afa38327229abaf64f2c78f7ae565ba7663c9a5856598e228de43fec8cd43948be48f53a69b5ec74359b75ac3caa4027f3aa2ba7df4d308c5bc8a4f761802acdd685796918908122f7c0c1a9b49ea0944a1e63c9213938ab51b95039a8eced67be9bc9b588c92771d00fa9ed5d158f842e9e41f6b91513b088e4fe749d394fa0f9a31332191e491634059d8e157debadd3347288b25c72fd783c55ad3f40b3d3dfcd8a3fde018dec727f3ab17574b182ab8fc2854a34bde96e43939bb21c5a38400b8c8a4fb48639e33599e76f24e69a6e36f4359cab4dbbec8d152562cdc4c5a40a0704f27357adf6aa8e056135daeee4e7f1ab705de4824d14abea67521a591bcb1a38ed542fb4182f149c6c7eccb524173d39ad08660df4af421523356671b528ea8f3fbcd2ae6c253e6c6597b301502a0c8615e94f024f1b2950df515c3eb162d637adf28084f6a89d3e4d56c6b09f3e8cad1af0302a7589b1900e2a04e82b56d3e602aa9c9b762648ad1b6319ab51b714b756cb8324631eabfd45411b6d35d29f73168bab5329aaf1b715616b4443265a956a25a916a89255a916a25a956a90878a753453a9888da9a69cd4da0634d34d3cd30d4b18d34d34e34d342018698d4e6a8da818c6a898d48c6a16348a237355d9b935339eb55643806a59484693deabc8db88550496e00039aaef24934e21854b48dd07f535d6e89a3adaa8964c3ce7f888e9f4f4acdf61deda952d7429a740d3111aff0077bfff005aafc3e1fb689837960b7a91cd6c02a829af32ae7240aca4a087cf26451594718e14558f25718aa8f7d1a9e5a99fda5167ef0fce92aa907249977c853daa096c6270728a7f0a846a5167ef0fcea65bc461c30a3db45e8c5c924519746879214aff00ba6b32e2de6b7398d891ef5d199830ed556655901e958d4506b43484a4b7302defa4f376b820d6f5b4ccca0d67496eaaf900559b7982802b9e0acf566b2d5686aaca6a4597a7355124561d453f3c1c1ae8575aa660d22eac9ef4a650a39acf8d8a9eb523ee9178fd2a95695b627d9ab905d5f0497e534b1ea0a7af159d756371bcb01b85323b4ba2702326bc4a95b151aada8bf4b1daa9d371dcde4ba56ef532ca0f7ac68f4fbdc02100fab55c8acef97aecff00beabba8e2310fe2a6fee39a74e0b69234770a465570411502477007ccabff7d53c332f506bd08d46d7bc9fcd1838f66666a7e1db5d490ac8bcf623822b90bcf87d730b97b4b8f317fbb20feb5e8824a7070454b8539791a46ace2794c9a5dd59022781971dc0c8a9f4cb5696f1302bd35a18a51875045575d22d127495220ac0e78ac7ea7add336fad69aa2ea4616254ec00155c4756989da6abfdd35e85551d1338e0d8f443eb4f2197be69aae38a78753d68828a5a313b8039ed4d71de9df2f6a50462ab7d188ad716f15dc451c039aad15aad9461173b474abbe5e1b2a7f0a19770c115938a96b6d4d14ada7433269c283cd5092ebdeae6a9a7ce622f6a0123aae7ad73f1abb3ed932addc3715e5568cd4ecceca7cad684b71206cf3597710472139c57436ba7dbcac3cedcdec0e292f746b61fea032fb16cd57d5e5cbccd14aaa4ec721259c59e82a26b68d7b0fcab764d25e37dc0923d0d57b8b75d98c73ef44558d39ee633471af615048eaa0d32f19e190ae4e3b5430d8dd5fb85456cb7400649aa522882e2e5467914db5d5a74711472373d02f26bb0d33e1c4b3ed7be71021fe1eaff00fd6aeb74ff000de8fa2806d6d10cbff3d241b9aba2349c95dab7a984abc63a2d4e4ac74fd42e6153b4a03fc521e7f2ab91e8d3dbc82492e19b1fc20e05753348b924003f0aceb9978c71927039ae77469c7cca55a7232ae51b1f29e7dea834f2c6dcd755ff0008dcb27335daa7a844cfea4ff4a649e0fb59146ebcb9ce7920a8c8f4e9c544b0955bbad3e6691c6412b33981a94b3482de18de495ba220c9fcab6f4ff0c5f4c564bf9c5b8ff9e71e19bf13d07eb5d15969f67a5c5e5d9c2b18ee7f89bea7bd493dd476f13c92305440598fa0aea861a10d6a3bfe473cf1729694d5bf322b3d32d6c2d9a0b642bbb967272cc7d49ef587aa5849f65fde1593675603041adafb7c4c01120c300c39ed5c8f896e2e25d73c9b79cf95e482d183c6ecff00856b2ab16ad133a509b96a664966ad216c0eb561711a6054d0e87ac04fb47d9d3ca23257cd19c7ae3d7daa6d334dfed0437770ae2c63e4e01064f61ed58b8493b58df993ea65c92649e69236da739ae8af345d3eed1dad145acaa32bb3a103b115c4dd6a4b1a614e58f61cd67cba9499a575a92c2a72dfad7377dae991fca8c96763c228c9fcab6f47f0a5e6bd209b502d05af68c1c337d4f615df691e18d3347502d2d6346eef8cb1fc6b7853eacca5554763c7a2d275dd41b75be9774467ab2ed1fad5f8fc3dad5aaeebad32755ee570d8fcabda9422f40294ed6ea056bcbd111f586ba1e55a76802e1d249d4800e7611d7eb5d64369042ab955c8f6ae82eb4e8ae17715da7b30ea2b92d4e4974fba30b924632a7d45633bd3e86f4e4aabb752fc9e42f403f2a58658647dae07e22b9a9af25da70c453ed3502202aec4fd6b38d5bbbb3a1d1b2b1d1dbd9da5a5c3c9146a9bce4e077ab2d7887ee11f9d72379aa4a96cde59f98fbd72f6faceacb744b21d84f1f374a6a729a69688ce54d42d73d2e6beda0f35957175e61eb5461bb79e352e6a19e6da719ae669f53ae1044f35e796700d0971b94927ad65cac5b9cd2a5c1db8aca516ddd953492d0d1ff58d9cd4f0c8d191546de63d1b357930e287493d56e71b7dcd6b69b701cd6945295c735810b1422b5219b701cd7452dacf739e68e82d1c328ef9aa3e20d396ead5980f9be94eb0982c83278ab7753232303df8e6bd04d4a9da472eb19dd1e7d01f98a3f0ca70456840c63391d0f5154f588dad6f4ca83e57e4d3ecee04ca39ac23a6e744b5d4d1926dc36ad401338a915370041ab112823b1cd6bab32228d7a76ab4bc535936e715119c29c1356a76dc96ae5e5ed52ad55864dc055b5ae84ee64c72d4ab4c14f5ab44b1e29c290538531111a4a79a6d0318698d4f34c348630d34d3cd46690c63546d4f6351b526c646d50b1a95aa07a43226355e63f29e6a663512af9932a7a9e6a5b2917340d342b35c483e793f415d30611a802a9daa88e218a7c8c48214f35c9399495c26bc09900f359b3c971329d80afd455d8e01bf777a98aaa8e71f8d4a8e9765a76d8e7ffb3ee246cbc8df9d4aba6b28eb5b25940ed50b4cbea2a5b45dd996d64ebd29f1a3c6c339ab6d70bea2986553e951641a92acc540e6833f06a0661eb5196e7ad43434891e5e2ab3ca54f069cc78eb55a4ef50ee688b705e1c81935a11dc16039ae73cc31b66b42d6f14f04d4c64f609451b6b2640a592f45b91842df4aad1b06c60d2b491ee01b935a2a92466e299ab0cc268c1231ed53055f4ace8e40a062acace3d6ba615d3dcc2506b62f2b8e94d9242bd066ab097de94cd5d2aadd5ae65c9a8f6b9e0f159571e27d36dee3c89674493b296e6ad5c3060706b83d6fc2897b7e2e94e1f3d6b2f6b24f5d51ac69a7b1dfc17915c2078d8153dea5041ac1d30b5bdb24582768c5692cffe735946b296e8b952b6c5cdc474a51363ef03502b31e833f8d58850be778e2b48a727eee866d25b8e128c75a5deb9e6992da2ed2d1921aa8bc92459de38a2739d3f890a3152d8bd238c8da6a3f3b0704d51fb567bd437333f944c446fed5cd52bdf589ac697466a89c16db52892b0374924437361bda905cdddb9e1b7ad60b1928bf7916f0f7d99d107a5dd5976f7c25037641f4ab8b266ba29e2e3515e2cc2549c5ea590f8a6c91c330c4b1ab0ff006866a3ddef9a50d5d0ab5f4667ca40fa55bb7311688ffb278fcaa07d36e17ee32c83dce0d5fddef48d2301f2f5a97ecdf4b7a14a535d4c99eda685774a9c1ee0e6b2ef2d84cb8452ce7a051926badddb97e614c8a08a16678e350cdd4e293a4a4ec9e85aaad6e71d61e079279bced52508a7911a72df89e82baab4b2b2d2d365ac0a9ea4724fe3534d2301c8e2a94970077a39a9d1f877eec6dceaeecb52dc9e707154a5b8033cd549af383cfeb496f6375a86181f2a13fc6c393f41583ab3aaed1d4b508c15d90dcdf2a6064e4f400649ab1a7e937371325cde0f2624219623f798fbfa0f6ad6b3d32dac7e68d374bde47e58ff00854d248463918ef5ac6872fbd55fc88956be901ccf51997150f9c2500c67783d31de94c2f83bb0a71c51cf29bf73521452dc492e368cd625eea21cec8c9f98ece9f789ec3fc29f70d3acd22c920dabd31c563cd751a433f970892ef24472ca4908847254740d9e86a63094dfbcf43ae9c12d8d792e6086792195d847027cd0c607ccde85b1fcbdeb9d5b8b63aabbc89b0852c801cb63b2e7be2b19af5e01b998f2083cf247afe746872c5fda06eae104ab19388c9c0271c1fc2b493773be186e48b6ddf43bcb19ee5ade369d95629233f2e79f607d2a2babd6fb9bb8c6303a60567cdab34918209f76f5aa3e7f9ce064e7eb53524de89e8654a859f3491af637599816efdaaddae8963131091205ce7902b22dd19655183f957411314cb3e003815953767aa33c5257ba3421b748d479400fc2b375ed5c68d0248c71bced04fad6b42d9502b37c4fa37f6d68f2da00be69e6327a035db2f86e8f393f7acc669ba92de5bab2b024fbd5f590e467a5627857c18343b62f7b7725d5d483e600e234f651fd4d6e5cdaf94b9849e3a835cf2a756179742f9a12762d23b346791c71587e2ad2cdce9924b10ccf002e87d71d456b5ab130e08e4f5ab132864018641e08ae8e5f694888cdd39dd1e3d1dd8954329ebc8a9564e39ab717869a0bc962490ecf3182e47419ad93e0f85a2dc2ee5dde9b1719ae28d19b7748f5e588a6ba9cc34bbc840339a9db4f6540db7f4ae8ecfc1b6eabe6bdd4c641db03157bfb27e40b9e9ed55ec6a6f22258a87d939068258e3de0f1e98aa12cf93d4d76d73a2c9240c88c067be2b9ab9f086af182d188a7f60706a5d37d8ba7888bdd946d239afaee2b3b54f327949daa4e0703924f602ba18fc05ab2fce6e2cc9fee0ddfcf153780b45b9b7bfbcd42fa0785e351044ae3d79623f41f9d775bf1deba614e16bc8e3c46265cfcb0d8f379b47bab5904577198a43f75baa9fa1a894bdbca6390608aedbc4975143a6a2c8016965013d78e49fcab066b48ef211c8ddfc2dfe7b544e8a77e57a930aadabc8a71bee1d6acc329561598bbad9ca480a95eb9a43a9a2b6030f4ae646ea0e5b1d55a4b9603353dd798e50292315474d686682378c92e4025b3c1fc2b508e0575fb376d4e593e5651bab459870067dc563b695e44ccf00c73caff00856f349b65eb4f2aae9d066b48b4f4643bad4c758f2a36f07baff853e16f989abff6759186e1c9a65c5b0401875aa71ea857130197159d756e72368e6aec726081560c6244e82a5ae60d8cfb3dc00cd69c7d055265f25aad40db80ae883d0ca48b2b4f5a62d3d6b5440f14e148296a84369869e69ad48646d4c34f6a61a918d351b548d51b503226a8daa46a8da90c89bbd5790f5a9dfa1e6aa48e33d6a1bb1a257236352588cdc83504920c1a5b1987dab19ace52562d459d2838414aac298ad941514b2f96a4935c52d1dca489e49d505519af46ec64566de6a3d706b12e752742727ad66e6db37852b9b17bac0881c37eb59dfdbfb875ac1babcf3bbd5642588e6b774d346ca9a46fc9ae3e7ad496dad3393b8d61029cfad3e18e463f2231fc2b29c5450dc11d2aeac38e7f5a997525c75ac18ecaedff00e5991f8d4e34cbae39c0ae7bc88b44d7fed243dc51f6c461d6b2974ab9fef7e952ae9b71c649fcaabde27dd2dbccac3ad40b332c83cb3566d743b9b84691a558a31f282464b1f61fd4d588b4936e4863b8fad57b395b9ac2e78ad2e5cb0b92546e357f6ab386cd6333790462addb5e2bfca1b38a94dec26ba9aca46053b773d6aa06381cd3966e7155a3dc8b167cd65ef4bf68c0e6a0dc0f34c93fd5b60f6aa49ad98b465b0e640790a3d4d492db986d4c862e9d49eb5cbdaea8b2dc416f2c8ed732b14c03801b3f28adcd466bcb6b75b7b8b98e467fbc8a3903dcd76525171e6dc2a539464a24427dce0004e7b019ab0d6efb813888e338718acb8f5492c1f316e52e3382bd47b7ad2bea135d3077ce7d6b4b2b17cb2be9b1bd6b71820b6d3ec2b4a2646194e3dab8f8a691183190fe5dab72c6eda48f332945ece3a7d2aa12b330ad4b4ba35d867b9159b3c8cb72cac8027d6ad46f2827e6122feb552ea295df76f51ed45593e5bc518d35ad995678158168c807d2a848cf19c303571d9e2c6f03f0348db245c3015e7ce946a6da33ae3271dcaab30c75a94302319a825b3653ba3350acac870e0835c928b8e9346aacf62e36146ec13f4a9e3b874033c8aa4b30ee454eac18706b27422df341d983f33463b85353894115919e6a5599948e6b58549c7492319534f634bcd1479ab5484a1beb4c67f5aa95495af127d99a424f7a7892b245c3277a9a3badc718e7b54d3c66b67a313a2cd1dc1860d50bad3cc9936ff78ff093c7ff005aae45048797f947eb567e5418515e9aa7ed237a8adf99873f23f74cdb4d1a38c892e88964ea17f857fc7f1ad167a6349ef55e4982d29d5a74a368e81694ddd92b4950970c719aacd2bca76c6a58fb52fd966550d348b12fd727f2ae1f6d56b3fddc6ebbf4355051dd9a71ec55fdded03d6abdc5c44a399067d49e2b2ae250a42a33151d326a8dd4f27d9a5f29b1205cafd4575bc4dad1b150a1777b91df6a96b6be61c1772720767c75e6b0eeb5cb698344b6eebbf048e3a8ee4d2dd225edbedc334b805496c6e3e9f4c566c516e57de367cc067b8aa526bd0f4e14216bbdcc9bbfddbc96e37396c72e3a03cf1ed52da86b555619d87a923f5f714d8eea037902dc0de5722427b8279abbad6b09a96a64a0cc51204dc0637903ae3b0ed4ddb9753a79a7cdcb6d0b5a6c535fcc6059182afccdb46481dc815d559e871ac719f3659147dec28cff009358be0db75992694b6d60fb7af518e6bb5fb52eed836c6a38e07414a1cb6bb38313566a6e313360876c857046d383915a7e5808430e9552e276f3d140cb942c47f3ab160fe7095e404a229eded571b3f74e29b7bb2d5a306e323a75ab0d21dc32460567e9dbda2dc0e06067f1356ae1b6c8d8c002aa326a9266328fbf62c2b83fc44eef6a65d7193ed505ab79c1f04743b49e9525c7ce1141eaa0706a9cb9e95d7526d69585b7f9a24e3ad4d31e83d296350074c05e9504cdc126abe08585f148c2bd8258af772c6cde67cdc0e95320bc641fb97dbf4ad594aba433f1c70df4a95270501519523208e98acf912d1c8d1cddb63255ae1460c6c052f9fb4fce0afd456c79ea6a273098dbcd0be58e4e6a5d3bfc33053ee8a0b3038a7acc0903009f4af36f16f8a6e175092df4798450427e561fc6dffebaf44f0f6b96de21d060be817696f9244239471d47e754a9544aed8a538dec91a0a362014dddcfb50ed9c8a215f31b19c62a5b7295906caece33c4d15f4da9b5c4aa7ecf10db16de401dc9f726a0d3ef7680ac7e5fe55e8125aa488571d7ad615cf85a2690b420283fddeb44a8ce0f9a26b1ab16b9599d7da7ff00685a3185774c172b8fe21e95e6b772cb6d72e8d9073c66bd496d2f74d468ca9963eaac9d47e15c0789e2173712ce176b93bb18c1cd29a85d4b67d4eac34da6d74377c0d2c93c12333129b8e076aecf7715cbf83ed7ec9a3c791f33726ba1326d566cf41445f639eb3e69b665bdf29d41a3cf4ad28ca951cfeb5c14b7e7fb5e7901e376dae9acef8bc4a734dab6acb9d3b246f88d88c8c1a82793e539a92d2e97c9f98550d52e047116069b6946e99828bb9049261bad5eb3937614919edef5870cde61ea2a58ef3c8b9180739e3e9ef51196b76538e86edddb6e4dca7ebc554b7dd1b6d3539be591401d3bf3559a65f37835d1192e6d0c5a76d4d15e40a956abc6d902a75ae9464c969450bd296a8430d30d3cd34d21919a69a79a69a43226a8daa56a89a90d11b544d52b75a89ba1a92914ee24da0f359535cfcc79ab57cf8079ac667c935c7564ee76d18ab13c93f0466a5d2d99eecb765e2a833715a1a363cc61ef595cda49289d6447e41505e2ee88e29f1b7029cdf329a1ea722d19c7dd2b4733641c561df4df31e6bb3d4ac7cc56c0e6b9b3a4379c4c80b7e159ecf53b29cd58c682196e186d53f88adab5d11a451bc9ad5b4b048c0c802b523d88074abe76c9955ec665b68512e3280fe15ab0e9b1c606147e55279eaa3a8a0de28ee295e28c5ca4c945ba2f614797181d0557fb606e869a6e09a4e6ba092658da9e82858c3361464d55579269447182ccd5bd67622141bf3bbbd383737a0a5ee85b422384230e955eeb6f27157656080d655d4bbb3cd3ab56cb949846eee65ddfcc4d6534d25b484a9f9476ad49fbd616a128ced06b819d913a2d3f525990735a3b95875ae6b4b8ced06b4a4be581827249f6ade1276d4ce5157d0d3dc4743479bc10d5463bc127422a6120615a2b37a10d35b983796bf60ba6bb8dbeebef539fba6af59eb23529cadc24315c91f2caa7018f60de9c77a86f56491e54e369e9c77acc6d3a6b39f6b10f1fdd2ebebd79ad61cd15ee9d4b966ad2dce843cd75711c2199e43f2c6bd78f6f415764f32e91ae1ede1b68118c6d2a7ca8083839f5e7bd731a76ab716b74c50ac84298c2c9caaf707ea314e9b51924032ccddce4e79fa56ceba487f56937a6c74af79a7c04245199db3ccce7009fa7a5579b54da49dd804e703802b9d5b8f909c91e87b54f0b19118b2e08e8c4e41ac275272d8b54210df53acb7d41b6f0e7de9d25e96fe2158767332a1191f353a4909c30e31c1acdca565732f651e6368cea631b8673deab34de54bb73c1e9555a6dce0ef1b3d29b707cf858464964e4529c9db4dc4e9235629811d454177246ca78159505f36cc114492c8e0e0543adcd1b58cbd9d99207e7ad4a9395ef5415d949cd4c24e39ac6314f55a16cd24b9dd819a9bcc5287079ac8dcdbc107083b62a61f69981104323fd055f334acf526c8916fb6b907a5595bc565ea2aaae8972ac86e8f97b8fdd5e481ee7b56fe9da4db429b9200cdfdf90e7f2159e1b0d5ef67a7a8aad5a695cab6f693dd60c6a550ff1b0c0ff00ebd6b5ad8456aa4e0339eac7ad59ddb072726abcf705518a005bb0271fad7a7eca8d1f7a5ab38655273d16c4cf255792e00a62acb391c617b9ed52a5a22f321dc7d3b54c9d6adac745dd82518ee560d2ced88c1c7af6a956c910ee90ee27db1564b85185c0aaf24c3072685429c3de9fbcfcff00c87cd27b683da511ae10051ec2b3ee25ce79fd6a3bcd421b707cd9003d80e4fe558175abc9312230117f5ac2be2d2d0e8a541bd4bd737091825d80aac9be721d54943d09e0547a3e9b36ad71e6b83f668cf2c7f8dbd07f535d05f46b0db79098daa727eb8eded59d2a32aabda54d17e66b39c60f916e72b71e442654dab9604ae38c67b0f6ae76f9e4553c852063835d45fdaacf2452c61b69886ec9e37f438f6ffebd72baa00b08c1c963db8e6bb1e88eec3bbd8c770495f45e2a685307934e55f91b1825696ce29afaf12d6d137cce7001380a07524f603d6b295e5a235954e5dcd8f0fdd49697ed144ad22b805b03a1ff001aeba0b8699bfbbef8e6b1f45d227d36ea36bc9207018e5232483d873c715ab32babbc9186299c16e833e94f97975382a4d499a1e5c8c8e524249c820e32549e9576243169af1210b2cc32c5ce38e9c7e158f05c4aaa32000dd39cd6959a3acc0dc238c2ef0acbcfa648ec3fc2b4a72bbb24724d5b7668410fd9e1d92003be377a7f3a86ee45547619c11dcd3e59017e33b40c0aa17537cca30080738a7889a8c7956c674e2dbbb352d89f302b02bb63c10474a980dcc0e31c002aa58c867323b019208e3dcf7abb9da38eb5d1092704fa19493521643b46d1f8d529897912256c163d6a692403a9fd6b3d27f32612af63c56156aa7248b841dae5bdc258664c80e065931dfbd25bdc6c458b000c71497c8b23a4cbd1875aa9e66d61cf1d8fbd5ca4e3208a4d17db0c46d3cd737e3dbc9f4cf0c4f244c3321084e7a0279ad67b8f2a4c13ef54b53860d52cded6e97cc85faa9ac253876d4d230678de9fa7ea5acbbae9d079aaa71bd8e147b66bdb7c37a2a787740b6d3d4869146f99c7f1c87963f9f1f402ab68b6305bb88608963821190aa38cf6ad891fdead579ce2dbdba132a693b2119893d78a7c52045ebd6a0de0b0c9aaf7c5adc8961e63fe21fd6b9a53718ba8ba16a377ca6a09f04734f598e0f7358b0df0900e706acadc7bd694718a6ae9932a362f19013c8e6b2759d12db5451e6c4af8ef8c1fceadf99b9783cd3e39fb356fce9e8f62527177463c5646ce211a02517a536ea4d9692b67a2d6dbaab722b3f53d3d6faca4863631bb2e3701cd2e5b6c5295dea7966edd23b67ab13f5e6b674dbb640066b26eb4dbcd166f22fd30a4e12651f23ff81f635340e570456f24a513aef73ad8af300609c1a66a33799063359d673798cab9abb791fc8b8ee2b8e54e566436932ad9e768153cc8770606a3b7e0e2acca3294257899b76610ccc4633479a5671935b71e970ae9e182fef157767d6b0f504f265ade34e54ecd9939296c6f5b49b94735757a0ac4d3e6ca8e6b6633902bb62ce7689d69e2a35a9055924669a69c69a6818c34da79a69a9191b544d533544d431a226a864fbb533545274352330f51e86b1dba9ad7d4ba1ac466eb5c5556a77519680cdcd5dd2e4d9718e99ace24e6a585cc722b8ed591d0d5d1dac6db901a7eee2a858dcac918e6ae1a4fb9c76b30660c306aac90a93c0a9b692694275a5abdc77b14248d941e9f9d55926901daa093e8056c0b756fbc3352476e8808c019f6a6e8df66353b182b1dd48dc82a2acc766c3ef124fbd6a9545ec2a092655079151eca31dd8f9dbd8afe5ed14470c971288e05dcc7df81f5a44f36f2511c0a4e7f8bb574da669cb6708cf2c792c7d6aa10e7765b132972af3134ed2d6cd32c4339ea455999c2838a9249368c566dccdc919abad5234a3cb1328c5cddd90dc4c79e6b36693ae4d586dd23855ea6b46d7498b01a41b9bdeb86109d5674b9460b5391bc998fc91233b9e81466b22e34bd424752612327b9af558ece18fa201f853cd9db49f7e315d71c23ddb33789b6c8e274fb564842e39039a74b6eacdf30aec9b48b53f754afd0d559741465223700fb8ad1e166912abc5b3978ed555be5039ad05d3a5d9ba31bbd706a57d16f6dc96c2c8bec6ac5acd25b901908e790454c29c53f7d58a9546d5e2ce5f50593cc640c53072f918355fedf711df3e6332a47f315d9d411d6afeacd21d6fcc30968483927a56547a93c77d1dd2e3c8dde43c7fde1edf4ab5a6ccd96db19ab241e77990798a59f90c0100fd69f330631c96e480e3ef600dc7d2aabdb1b7d46eacdc9280e55b1d3b8ddfcbf0a95542b2a1ca4aa33c8c1c7ad376bec76465a6e117ccc59a4e3a75ef5a2b32b26c07e6fe151dfd6b1d9d448c14919e7db3566d23ddb99db91c7071448a6ee6ad9df8c05906dabf1dcac848419cd73924f1dbb150b938e39fd688f5098a05c81ee0735c339493b740e55b9bd35ca8901c8047072698753744658c75ef5931a190e4b124fbd5e8ed64da36907eb52939ee4ce492b0b6f7182335a904c38c806b38d8cc471113f4a163b98d8011b7e55494a073cad23a9b3bb81612925bc6f9eeca0d4dfe82c87fd123cf6602b0add6f0903ecd31f711923f3ad6b7d32fa55c98cc63fda18cd74c272969cbf81cb28c62ef72d6611b4c504698eb81d7eb532dc4920da8703d8714b6da41e7ce7df8eca7183ef5a3159a44073c8f4e95b469d47e46329c17990416a5b0d21ce3d6ae9dd8c28fc6970bd724d233fbd6f14a0ac62db931be50cfce4b7b76a4f2e353bb68cd34c9ce075f4a4c48ffec0f7a8e68bf850ecfa9234955a498b1da9c9a93ca403e625a8326d04200a3d850d37f13b0d596c52846a13461e7b64b7c8ced32862beb938fe54c7872d87b9cfaec5c8fcea791fb9249f73542eef040aa7cb965dcdb76c2a18fd7a8e2b09c69b76dfe66d1e62ac9a6d92b16f2d9b3c9691b9a7c7a2433145312a83cb003955edf89a974ddfa9a485e0b8b765385122aed6f7c827f2ad844482208a49c7727927d4d2861a1bb8ab152ad25a27a891ac7690ac7022a220daaa070a2b2353b848e077760aa3ab135a3349db35c1ebfaa8be98c7137fa3c6783fdf3ebf4a9c456b2b22b0f49ca5706be592d89462144870c0f5ac7be3e702efd2991dc4bb5a38c1650738c74cd392de49596170c59c82154649fa0ac633d123d585a2ae52f20f94115b696e338ce2bacb3b5b2d1e0d9679c3e37484e5e53eff00e02a3d33c0da8deca26bf93fb3ed94e420c195bfa2fea6bb1b1d1f4dd2d00b5b60ee3fe5aca4b313ebcd74c69cadae87157c442f64ee6559e93757ff003c8a60840fbcc704ff00856b0b4b681405533151fc5f773eb8ef565e566fbcc71e8381f95539e65453c815578436dce47294ca776ccee1896f308c062391e9c7b7f4a67876c6f74dd196daeefa5d426566633c830761390393923a9fc4d3e21e64a647271d8558690b31663927bd4c676bb7d4725d09249b0a4e6aac504b7b21f2f6e01c124f4a7451497d388a307603fbc71d147a7d6b762892089638c00abd2a634fdabe696c294f91596e2410a5ac2234c903a93d49f5a466f7e695deb3efeecc504850e1829f9bd2b4a9514226518b9333b5abf593ccb3401863f7c7ff00651ef4dd358b067323316c02a4fcab8ee076cd65c29b6124924939fa9ab5a74db6e8c79fbc323f0af255493a8a52ea7738250b23a1562d01424607207f3aa1329e9d306ad23e149c6ee385ce33ed9ed55a76736e933c6637c731960483e848e0fe15e9c9f344e58e8cafa9b948526008c360d334e89f506621c47127de7c679f4153b62e2c8ac807cc0363dea28244b5b611a9ea4b102b9e74ff0079cede9d8de2fdde55b9ad04315ac2c15cb1639c9a8249ce7ee9e7a71596f7c546371aa9a878961d36d84d7529452c103ed2707df1d07bd6bcca7eeec2f66d6a6acb70d0c3e7be122390acc7a91db158d71e267dc02052838dbd8fd6b2eeb568eeedd5d24f361933b581e2b9db8bbe481923b638a210e55ee9dd468465ac8ea3fe12055c0f2c03db15a506bd0cc91f911bb48e42ed63d0938c67f2e6bcfe395d9d9c6320703f9d5eb7bcd8c4ee215463142a305ad91b4f0f16b43d11ef8dac4f35dc7e446090a4b062edfec81d467bd28d4addaf1ad3ce4fb5a2ee78d5b7607d7a66b81bcd590dbc289248f144091e676f60076a3489a6bad6125c6d69a4dc4018fa015768b4d2472bc2d9733677175e2ab1b1d420d39fcd96f67202c51a93b413d4fa0ada93a965edd6b9f86d043ad497aae7f7a81194fa8e87dab72062e5573c9a985452f74e19c6daa23b9b5b7bf81a1b88d5d1b8218641ae2f55f0bcfa69692c834b6fde3ce5907b7a8af47fb2c03fe598fae6a29ad7e5250ee5eea6ba54669111ab67a1e6161266552a7a56d48c5d724d686a7a1a190dd5aa80e7ef281f7bff00af594cdf21e0e7b8a86cd65252774363fbd5248cc7383d2a08dbe73fe156e18fce99140c9620564b6133a6497fe25ca09ff96407e3815cc6b0d839ae8ae17cb8b68e39e067b572baecbf385cf7aeaa8de88c208b1a749c2f35d25ab6e515ca69edf76ba9b2fb82b6a644cbcb4f14d514fad8cc8cd34d38f5a6d03194c63cd4869ad52c630f4a89aa5351b50042d50c9d0d4ec2a27e869148c3d49720d613af26ba2d407ca6b01fef1ae6a88e8a6caadc1a5126052cb1b3741cd2c16cc581635cd6676f32b1a7a648d18192715bb1dc8207358f6d09dbd2a66ca0e0d4bd0e796acd859578e453fcd5f51581e749ef4efb532af24d4a9b1721b4d72aa3a8aaf25faa83f30fceb9abcd55949e4d59d3d64bd7548e3692461c2814ef2915c896acbf36a8aa09dd8c55ab0d2eeaf9964b8468a26e42b0c123d4fb56e693e1c82d8a4f761669872171f227e1dcfbd6ccf22039c826b4fabd9734d98bacaf68a22b3b282ca00b1a8e9c9c734b248141a8dae14e79154ee2e060e0d5d4ab18c3dd338c1b7a897171c900d50964f7a64b37279ac8d43535815b0416af29b727cd23b546da2356deea34b8c330cd6f47382a30457942ea9236a11bee3807279aedad352f3215c375ae8a5292d08a90bea747f68e7ad396e01ef59315c6e0326aec386039ada339b76317048bbe79f535224acdc0aaeab8ef522b6cce3bd7445c93bb662d22d348171baa29442e39009349f239f9b38c7ad1b62ddc038fad743937dac425633ef34c8af2da54553bf1f2e3d6bc9afa3963578e40c86194900fae79af6f00bc782704fa5626afa069d3d94a658c7998c86cf39a89d37ba37a35f95d99e67737921b9302ed02603712a3e61db9a85997cc5dec49fbad93c83db1eddab76ebc277571b1ecd598276c741f5aaade14be95ff007c4478eadb4f23d31eb5cedbb6c7a309c17530e560ae79dd81c106a192ec9908df82dc6d5ebf95764342d316f6d6d6ee30b33a1f2e12c43328192c47a7b9aea2c2c2d2c940b5b5862ff71067f3a9e594b4968296262be1d4f30b4d2753be23ecba6dd4a0f46f2ca8fcdb15bb65e07d7e73992182d97d669727f25cff003af45591b20e4fe752893d4feb54a953ea734b1537b2390b5f015e2ffc7c6a50affd72889fe66b6adfc276d081e65dcf21f6dabfc856b79c3f879fa548bb9bb81fad690852bfba8e79d6a8f76568b47b284602337fbce4d5a5b7823036c518c74f979a369594b194edc7dc007e79a7f99ed5d1eec51837262e49e831f5a33ea734c2fea6a269d57bd672aaa3d46a2d93ee007402933551ae09e99a879fb479c6597eeedf2f77c9d7ae3d7deb1fac26cbf66cb792095504f7a5f2ce46e618ee00feb4c5931814e327bf34d28eef50b31ff2a7dd029ad27bd4324db471c9ace9356b65bdfb1f9e9f6b29e60873f36dfef7d2a275d4742a306cd26900cf35566bb5504922a94d74cd9e7f2aa334e14124d7254af27b1d11a4ba96ae350eb814b636d36a2c190ed8c1f9a4c71f41ea69961a44b7cc25bb062b71cede85bebe82b74c89146b142a1235180a056987a327fbcadb7442a95147dd86e394476f088a21841f99a8259b92335135c6e775dac36e3e63d0fd3e9587a8ea8cec6ded092edc6e5193f451dcd695b11f662453a77d599fe29d5e7903e9da76433f17136ec051fdc1ee7be3a572c2ce5ca441e49256e0471ae4b7b015ddd9f841e6457bd9da156e4c3181b87d5b9fd2ba0d3f4ab1d2d08b481519bef487976fa93cd670c35496b3d17e26ff0058853568ea71fa17826ecab4ba8c82da39067ca5e641f53d01fcebb1b0d32cb4a8f6d9dbaa13d5cf2c7ea7a9ab45ea367e2bad7253f851cb3a93a9f13d0495b2724d5666a86eaf522e8771f4ac6b8bb9ee18a862aa7b0e2b96ad7348526685cdfc7192aa433fa0aa619a66dcf9c7a66abc71aad4e1b040c12c780a0735945393bc8d6c9688b1b80038000ab36764f7c3cc7631db8ee3ab7d3dbde9f69a516c4b7c36af6841ebf5ff000ad56718c01803a015dd0a7cbef4fee39e73e911ab1c70c1e4c4bb231d02f5fce919f8a6b37bf35565ba4de634605875e7a529d422316c74d305c0248cf535c95b6af7b7d26ad65a95a2db4d6b22f97b41c3c4c4e1b24f39c76ae858ee3dea8ea0c76aae6b965aa773a20acca1d16aac7398f5088aff000b0fd78feb53dcc8234273c0acb84b34ea4300ec7775e6b8ab2b3491d30d9dceb61d52ca4d4a4d363b947bd8a3f31e25392ab9c73efede86a6bc62b68ec14b95c1da3af5aa96d6767f6bfed15b5896f248c234cab8623fcf7abd22ef85d7fbc0d7a71d56871ecca6a7111e9d2b1ae6f0e59b232c6b537ed8b935c67db0c8c5b8e49e6b2ad7b2474d0576cd76b824fdeaab719c312c183f207b7a62a18a5dc400403f5a65c4e03be467db3492bad4dd68ca3721562d9b4228e8a0631595283bb273e95a377279ae5f772debd3e82b39fa365b18193c7eb5d505a1d109125bfca546323a134392ac55ba5395785641b41519eff8d4be5acc55fcc00e42b71c1357ca57b45b9482b3a79433d7b9ae93c2f6ec970d348492809e7d4f02b9abb3b6e0af1c1cae0fe55d8e9124ad64b3cc06e91c82f8c6e207ff005eb9f11274e9ca48c6a4aeac6f35c246a1a4608071935bba62928663f41fd4d73b027da9d62c6771c74e9ef5d3a158e258d0615460573e1bde9739e7d6d172961a4c1033d6a0bdbaf2e31183f33ff2a4c838cd60dfdcc8ba94ad21e98555ff0066bb1b934ec6118a6cd649370c1accd574ddea66b7037e395fef7ff5ea5b6b95900da6af2386183c8ace32bab32de8ee716ba8c56f0c9b8ed39e571cb7b55bd02f2292e977e3804e3351f8bb43731b5fd9292cbcc8807de1ebf5ae42caf5e2955a3623d0835a45b4d5fa1d2a11a90d0f53bd91198043f745713ac3c8d7c328e17ae71c55fb3d51a455dec4fe35a5198a51ce3f2ab73527739fd9b8193a6b64af35d759f082b9d7b7486e43200327915d0d9ffab5ae9a5b1cf5158bebd29f4c5e9522d6e644669b4f6a65218d34d34f34c348061a6354869a690c85aa07e86acb54120e2931a322fc7ca6b9d9be5735d35f0f94d73373c39ac2a1bc07c4a1b15a16b69bc838e2a8e9f09b897fd906ba48e211a0e2b16d2468db21f2c22f4a80c7bcf238ab6df31f6a8db0aa738ae7dd8d159d554566de4c155b902b41a1b9bc62b6d196e7ef1e00ad6d2fc2f1c722cd7a44f28e4291f28fc2924e6ed1457328ee72ba5787eef56b91234663b75fe361d7e82bd174bd3a0d2e031c4a0127e66ee6ac7c91a850063b71514931ae8e68d3f53194a553d09649b0080702b3ef2e196072bd40e2a46626a09b1839ac26e5377638a48e7f47bcbe92498dd0206ef947b55abfd492da22f23607d69d70c91292302b8ff105d1b86099f947bf4ac24939599d118b6b434e7d792488f964f3ef5cfdc5cbdc39249aa4a4aa85c93f5a9e3e94b9394dad640bf2b035b1a7deb4400cf1f5ac995703229f66e7763356ae990cee74db833c7bbd6b7ad637c0e6b8ad3b50fb3c888c78aeeac6749225208e6b682527a9cf52eb62768e42a42b6d38eb4f82d644880662c47f11a79938e29c240075adad04f539eeec288cf038cd3b6a63193b877a6798319cd31a61eb5a73451366492bc60798c080a39c1a4f302ae00183cf4a81ae00ef50bdd019e4543ac93dca54db2ccb7121520102b3a625c1592438f4069935df0791f9d5296eb27861f95673c427b9ac69b41676563a7bc925adb84964c079598bb301d016249c7b55e4b8e3230a3d6b0fcb95b524bafb49f256129e46382c4e771e7a81c55c560c47cc49a8751bea69c869fda7247238e773741ef5069ba8aeab671de4492ac52e4a79abb4b28380d8f43d47b542ac1405c83fafe7562391c91b55bdb03a5677befa872d8d28d828e704d4e2438e78aad1c53b13b894c75ce054a2de3ff9692b31f415d918ceda2b1ceed7d41a741fc63f3a4496599418e361db914e48e189898e1504f723269ccccdd49fa53e47f69fdc2bae888da1f9b74b29cf4da8734d255461140f73c9a52c2a2770072d59cb963b2295d8bdf19a4e86a16b95c616a16998f6fd6b9dcd7435517d4b8660bdea192ebd0d55676c6738150bcaa01cff003a894a4f76528a261712c818ca9e5e0fcbf386dc3d7dbe9551d611702e5a3533aa18c49df613923e991504977b8844cb3765039a960d3e59f0d72db17fb8a79fc4d669b93b415d9a5925a8cf3a4b871140a5dfd0741f5ad5b3d322b7612dcb79b2f65ecbfe1fce9f084b550b0009f4ea6832ed279ae88538c1f34f57f8194a6e5a47445a798b7a00070074155e7ba48a3677708abd589c62a059a4b997cab6532b8eb83f2afd4ff9357adf4e8617596e08b899795e3e543ec3d7dfad6c94eb6b7b2ee67eec373316cefb58ced06d2ccff1b8fde483d97b0fad6c58e9967a62ff00a3c79908e6473963f8d586949ea6a3692b58aa74be15af7225394f4e84acfcf5a8cbfbd42d363dcd40f213deb1955bec0a04ef70141e726b3ee6e8e0e4fe14cb8ba110c67e63d00acb9a66663b88ae6949bdcde30b0f964323673c534109c9c01490c334c4606d5fef1ad0b7b28e2c161bd877614a31bec5b6915eded26b86629948dbab3f4ff808ad9b4b68acc1318dd21eb23727f0f4a40dc0a5dfdebaa1150d7a984a4e5a160c85b92698f32a8cb1c0aa735ea464807737f2aa325c48ec1b3d3a7a54ceadf608d320ff0084a6c6ff0051b9d32d672b736eccae8ca416dbd483e8299a44cd75737730cf94b845f7effe7eb5cc3e8b168fa9cfa843772b9b8575589c02559ce5ce7d3db1deba9f0fc263d26238c7984bfe7d3f415ceda9d45cbb2fccdedcb034fd2b36f1bf7a07a73f8d69763581a95c08e590e7a1c0ada6ec8882bb28df48647118edc9a874fb1852f249d533339cb39393f4f6142f7663f331c9ad2b08be4dd8fbdcf4ae65177f5376ec8dbb1ff50bec2ad7f09c75aab67fea56ad7f09c7a576c17ba724b730af26f2eca46c81f29e7f0ae42df4ff0031253717f05a887196605c37d31fe79ad4f165efd8f466c1f9a4608067d4e4fe82b87fb534a1a30db9245c329e98a6e1cda9db462f95b46eea32ae8db4c97904ce5432a444ee6e707008e077c93d8d398965240fa9f5f7ac3834585f4e9a66600443cc1be5da5b040da3d4fa0f635a6d73b8b327ca197b9ef4e50826b9429ba8efce0f22072ce3785fe1f5a6286be79ada353bf0321060007deabbccaabc839f7fe751b4f9c05638c60d6c91a97983794a5191dc1da7c95c0c8e3814d8c7c932873e6020e10671ce324d567b83bd9b3e9939a7add62260100623861d45305a2b15f8b9bc675394ddb73f415e8f15a887c2962d8c301e69fab1ff000af37b1899ae33838c16e4742457afac2a6ca283697d9122ec033d876acabc14a9b87730ab3b4915b455f91a73dfe55feb5ae1f3c5525651c2208d470140c015234c235cb103f1ae5a7054e1cbd8c26f99dcb2d2721739acad62d4c938910fde5fd6adc4db98926a59c0687e95ac5f3227e16727f6a96c665120c02719ed5d1dadd2cc8181154ae6da3b942aca0d64d9dc3e9b7c6de427cb3f749fe559cb4669a491d82b2c8855b041af39f12684da56a26e215ff4599b3c0fb8de9f435de41202a083c1a6ea9631ea7a74b6f20fbcbc1f43d8d6b17744424e123cfad26db819ad6b7beda40cd73c96f3dbccf0ca7f79192adf5ad2b4b6790f538f5a8dde874ce51ea6c2dd79d22f3deba6b13fbb15cddbe9a54060c735d0d8e56300835dd474563cfaaeeee69af4a956a143532d74980d6a61a958545400d34d34e34948630d34d3cd34d03226a864ef53b74a85e901997ab9535ccde2ed635d5dd2e54d7357abfbd1f5158d4368335b45b1f2edd4e393c9ad392173c014fd2f6fd9d715a2aabe95cb2572efa9951d8c8fe82ad43a44790d27cdf5abc19541e94c6b81cf351eeadc2ed92c71470ae000295a6c0acc92ea4f38018db52890b50e6dec1cbdcb0d2163d699ba99bb03ad412dc2c609cd472db5657a161e40a0f359b7778a80f22aa5eeaaa80fcc3f3ae6af7572edb41e4f415329df446d0a7d5972ff0052dc4804d73f75be672c01ad3b5b47b852f2702a66b54438c0a98d3eacdee96873e2121b9153edc0ab5788a878c0aaaadb9853682fa1298f74678a4b5888727156553e4152c2a3229d8cdb1665f92b63c37a8b8b2c34859d49cd63dd36d435a3e10d33edd0062c57cc72334d46ef421b496a74716b123b6d02a693529547ff005aa29b4dfecfb858c1debd8d596b4f323e959ce13d55f525386e40ba948c396352adc3300771fceb0356b1bcb7679edcb600e80566db788248db6bba9e3919e6b08b7f691af227b1d9ee38eb4d652c7bd61db78822900de31ee0d68c7a9c0e07ce07d6b553a643849167c8563839cfd29eb630b1f995b1f4a87edd0f79507fc0854f0dd2cad8889909e81066b48ba4de9a90f990efecfb751c2127df1532dbdb29e223f9d1fbeff9e12ffdf069425c1e9049f88ad9596d1fc0cdb7d5fe2617897c536fe1896c51b4f6b817249660f8daa08076ff0079f9ce3daa9683e37bbd5fc51369ab630b5aee768ee22243451afdd2e3b93c0fa9aea5ede67643244a594ee4dea1b07d47a1aa763a345a641e4d8d9c36b167908392724f27a9ebdfa55fb5e58db975279537b9a535dc56f0b4f753ac71a7de776c28e7fc68b7d42daee3f32da649541c1653dea9cfa68ba458ee1c15560e36ae70477f7a586c52dd0056258fde38c67d2a5cea5af62b961dcbcd700771f8546f73e809a8c46076a2a1b9b04a284695dbdbf1a888c9c934f60d818031ef514922af19cd438afb4689f617dfb544f2aa8e3afad4325c12703ad363b596620b9dab59f3eb682b956eac64971ce0649f41501d36f6f245325c1b68072420cbb7b64f007eb5af15b4708f9547d6a4ed5a46937acc9752da448a0b68add711a81ea7a93f5352336deb4d79150124d57691a46e3e515add474467abd58f927201da33ed9eb50e99697cd13beab3abbc8e5824430b1af641dcfd4d166973b9da54544cfeec13f3a8fe46afab6d27b9fad24afb8dbb688b716d8a3d91a844f41fd7d69fe67154da70a3920d30cecdc0ab752da10a172eb4c077a85a624d570c7b9a5dc1464e2b27796e5249126ee09354eeaf9622507ccffcbeb50dc5e3c84a407eaffe1fe351436e01cf2c7d6a1b6f489a2496ac895659493d33d58f5ab10daa29c91b8fbd4eaa1719a76fda4818fc29c6925ab139b7b122a85c76a786c7a7d4d64df6b969628de7480b2ff0af27f1f4a2d2f86a5690dd405bca99772ee1835a732e84f2bdd9a8f74a83ae6b3ee2f246cf2557d01a197ae79aa134534d7b6ec970d1c316e2f101feb49e064fa0f4ace6db45c522dc3961934f76c29a58d7000aab772fca557ad435c911af7998d7e92dedeed4384c6d53e83b9aec608d61823894708a147e031589636bba75623a1c9adeed4b0f16936c2b4af64849182a9627000cd79c6ad71aa5d6a11c9608a6252482ec0027dc1ed5dd6b13793a64e41f9986c1f535c736140fe55ac9da570a6b42784b4b3450e0091ce0807201ef8f6ade94bc168ed0a072a3e5563807f1acaf0edbf9d13df9058392909ff641c123ea7f9557f136a3258eaba5b79922db82ec522c162c3dbbf0718f7a70836394b53b0b56fdcae2ac29f53552d88f25480402010318e3e94fb9b95b4b3b8b97fbb0c6ce7f019ad5688c5eacf31f1dde03ab258a302b6809639e371ffeb63f3ae6e0602640c4804f3ed44f3bde4d2cf71f33cee5dce7d79a6c642ccbdf9ae84ad1b1e84348d8d69144902819dd8c839f9587f8d39255f2b9eb8e3daac68fa55d5ede476f132091f85f35b0bebc9ec3151ead653e9b7821ba8844e18a952783ee0f7152e3b321357b15b77cad8059bb8a23512c84480a8dbf4a7c6a1a6dbbc13d437504fa5492dbbc8a8444ed211f32a8c8e99abb95729c99329dc38ec01a7c91c9e539e9818c520c960cc063eb52ccc7604ea3bfad26ca2e6876ef717f146e4124aa63f1af568efda188ac31a8273f3e39ae0fc1d66d2092fd80db1c86103bef2339fa63f526bbbb5b42e0193e55f4cf358ca4dcb438eab4dea45024b75330886f39e5b1c0ad68ace2854f9816573c1dc322954a44823894228e38a7034452473ca4d94ae2d05be1e2cf9678db9fba7fc2a291b6c63a73c55fb87416eeae4658600f5359179bb6c2aa0f2c73f954b4a3b170f79ab941e6fb387129c6ceb59f2b5beb566d2dab82c9dc7634b7f21fed4b88a5cfcd8207b628d1f4f874f37061e04cdb88ed58a6a578b3569c75459d0ef5e488c537122706b7e37e0573cf17d9eec4cbc06e0d6c4126e039a71ba644acf5313c4da5c6845fc630fc06f715474f9028e82ba5d621fb56933463ae38ae4b4d6dc6aa6edb04755a9d1c321d95a49728214553cfa7f5acad863897914b6ac5a51cd6f0938b48ca493d4e921f9941a9c74aaf6ff705581dabb91ccc730a88f5a9d864542c2a808e90d38d2372335232334d352531a90c63542e2a6351350053b85ca9ae73508fe63c574f28e0d60ea51f06b39ec6917a8ed2f5168f08c7a77ade8af0498e6b91d3d4e4935ad1cde4c839eb5c333748de32e4557e77139a8e399594734e69401d6b3b219251e6051d455492ed57a1aa33dd337ad1ce96c528b658bdd5a3801e6b06f35a670761a8f528de63900d64b43229e41a69297c4ce9842290f966967272d4eb3b1469f7b1cfb9a81a4d8b4b05cb291cd12518ec68d5d1d5ed48edbe520002b9fb9d4d2298a904d4cb74ce81739cd3a3d312e1b738069735de860d729877b7a677f954fe029d66aee4655bf2aeb61d1edc01f20fcaadc7a7c298c20fca9b8b647b44739b5b68f94fe54b1a95ea0fe55d2b5b478e807e150496b1e0f152d31731ccde39119e0d753e04915b4c555fbf1b1cfd7359b716a841e054de1d9934ed49a32711cfff00a1511959dd8495e2773a92acbe548a3a77a6c3f702838a90159140cf15566492d9b7019435bcdbbf39cd1db94bcb129746619c678ed4c7d2ec276dd3d94121f568c66abc37f196da5b0de86adadc21030c0fe3429c1ee271922b9d07476186d32d987a7962a41a2e97dac2103d36d4fe70f5a5f347ad55e1d90bdeeec48ec2ca1ff5567029f5082ac6e58d780147e55079c3d45219c7a8aaf6896c4f2b7b96379a6176e9922ab9b8f7fd2a36baebc1a4eb798d419330e3ad63df788748d3aec5ade6a304570481e5939209e99f4fc6ae3dd11fc27f3ac5bed2f4abad4a3d46ef4f864ba420076270c7b6e5e848ec4d66ea47a9a28337bb74a0e3dab39eea7627040cfb5570f7bf686324a9e4638ecc0ff5a9f6be45fb3f3351a445ea6a06ba5e882aa7c8a3bbfb939a501e4e14605632aacb5043a59ce4e5aa38e19276e01fa9ab11da853f38cfb55b55f9769e17d294694a6ef207351d8ad15aa4647f11f5a9f6f3d29e4851d7150b4c0e55057428c60ac8c9b721cc428e4d44cccc0e3f4a4dacdd4d180a01c83f8d3b361b10086432b191832e7e5e3a0f7f5a9822a81dcd23ca00393513349264212a0f7c5164b61eac95e40a3927e82a2333b90106d14b1c24281236f6ee71d7f0a9318ed434d85d21aa9c64926a51f2e320f3ed4dc81c9359b36ae8ced159e2561d5b3851f8f7fc295921abb3466b88e15cb11545a492e8900109e99fe7551597797b893cc7f6e952497ab1a8c90a054b5fcc52d362e2469181bc8fa0a569d547000159126a2ccc446a49c672dc715524b867199242deddaa79adf0a1a837b9ab36a91c6084cc87d8f1f9d626a7ad148cb4f379687811a7563e83b9350c970cfc463f1a5b1d29f52bcdbd9397948fb83d07b9ac9c9b66aa2a3a95b47d226f105df9d7b198b4e84e4c59e656fee93fcebbbf2c2a80aa0003000180076028b6b78ed6dd218942220c014f73b54d6d15646339b932a4e703029b1c78e71cd2b0dcf528c22ee34257771376562399bcb43cf354550c8c59aa790995cfa0a7aaf2145449733bf4296889ec63da0b1e4d5eec6a3894246053d8855e4e00e4d6b156466ddd9cf788ae8078a0ce76fce47bf415ca949356d463d32d98a99399e553feaa3ee7ea4703eb51eb7ad8b8bcb8789c16663961cec1d87d6ba8f09e8a74bb069a75c5d5d61e4cf555ecbfd4fb9aca29b7ccce87ee46c6c470470429142a238a3508883a0503007e554e7b5867bb85e48d59e06dd1b11ca9f515a12700d508e0592fd273bb722951cf183d78ad24f6463133bc41e308bc3f345691db0bab96c3babb6d0aa7a73eb57fc51295f0a6a04290d25b8e33d338ff001ab975a658ea1b3edd6505c94e15a440481dc66b27c5528b5d260b785845ba40aa30186d5edcf6c715aae887149b5647964684a10410e8391dfeb512a9ddce7dabb587c23f6c737b143e7c0ecd9810342a0f7d8792547a5247e13b45bd89449248aadfbc5661860072b8eabcf1cd7449f2abb3aa12d6c5ef0c41fdad6b1497b298eca227a8c79ae3a05e3b7b574d710d9ea9179577690bc6a38565e01ff3e955cb01147181b628c612303017e950fdb39030760fe215c8ea3e8370392f13f87868d3c77966a134f9c85540c498a40395e7b1ea0d67c37533a90f26ef97079c0ad4f115ddc5f6a72a4eccb0458548b77ca38fbd8f53556d3c3b79a8308edad666e9f781455f724f6a6aa361b47de190d8c5246195c805480c47de615369fa1deeb240b484c308eb2ca3afd077aeb34af00c16ae92ea578d70cbd61886d8f3f5ea47e55d6a471428a90c491aa8c00a315ab4fa984b109691d4cdd1745b5d22011a465875c33672dea7d6b5b3c75a8f23d6a29ae9218649581db1a963f85672924736b27a96b3c1fd6b3e4d5d1a530da912363993f847d3d6b9abad5ae752e243e5c47a42878fc4f7ad5d2edf6c61d872dd3e95c5eddd49f2c3637f64a2af22fa659b7392cc7a934b29fde20f6a915791c557de24999bb03815d3b2b196e731e2966b7f10c320fbb2c00fe20e2ae59c9bd14fad47e308d4cba7be3e6c3afe1c545a5bee8c0cf4ac66ed51b365ac11a9327996cfea0645334bbaf3add493c8e0d598c6e047ad6369b27957d756f9fb8f915a4ba3335b34748adbd194f7ae4ace1f2b51b98fb2b9ae9e39391590d16dd5a723f8b069cba0a3d4b8db8a0c9e9d29f631e5c363bd232fc82afd8c5b6d14e3ab1fe75d10579a3393b234e1fba2a75eb5045d2a75aed473131a89d7ad4ec3bd46d562206a677a95c62a3348a1a7a5466a434c6a4046d50b9a9dba557929319139e0d63ea4bf21ad466eb542f3056a25aa2d19d671ed51c1a75c3608a963e01aab76dc1af3ea763a22695a92d1f5a594b807ad51d1ef03b18d88c8e2b69a10c3a544e9dd685295998af21ddc9a72b061daaddde9eea825f2d829e8d8e2b3184a88768f9eb9a1cd0972b36ba92ba2f470ab0c114ada7c520e5454567e66c1e675abcadc5755d753277460dee956ef742dd47ef1864fb55293c3975112623b8574f343179a2770377ad5b8dd58020834b962caf69248e13cb9ed18096271ef8ad0b5d41140c935d6c90c3346559473ed59f71a1da4911db180d9e30697b36be161ed13dca71ea91f1cd581a8211d6b36e3c33347f3c331ff0076a06b3b88570ca6a24ea4771a5166bb5f47fde150c97e9cf3584cce1b0723f0a8e5660a79a952931f2a34a7d423e7e6a4b5864bc066556d8bc8603bd7363ccbabf8add092646c7e1debd5f4eb15834e8a0555f946e3f8d6d4e9396e44e7ca1a5de4a6045b8015f1cd6a799f2f62a7b1aa5f630c846718e83153c16d36d19615a2e68bb2462ecf52bcf6b1c84346b86f4aaa88616d91838f41cd6e0b34c02e4b1fae0548156307600bf414a545cb7d0154b142113e3e65d83b66a5c37f131cfd2a66039c9351b32ad2f6696ec399b102b67ae2977051d6a269460f3513484e71cd174b61d9b26693dea069867bff008d3198b1183fa531fbf151296852439e4f4351194ee381dbae7ad2f94edd7a53d6df8acef37b22f4443b98d0222c7a55b58464719a9962c7602a95394b725cd22b25af42d56522c0e0014f015474fcea392e157d73e80735bc611819b9390b27eed4951b8f6e3bd4325d2c58041f33ba8393ff00d6aa33df4f23a2c5132ab1c6e27142dab649dc6b2751b7ee9a72597bc58f31a43f3600fad1e6aa0ea05442db8e589fa9a72dbaf606b457ec4bb01b8cfdd527f0a4fde3f70a2a758f0071f8d3b6a819357cadee4dd2d8856119e993536dc531a64552db8003a9ce00fa9ae7353f1b69f664c76c5af251fc309f973eec7fa552b205194b63a4cf50073e9deb12ff00c55a7d94c204945c5c138d911c807fda6e82b88d575cd77c4309823856d2d0677ac736379ec189e71ed58d6d6cd01206327004683807be0d5356576cd29d3bcacd1d66ada96a37c7749218ad83604318f94fa64f7cfa1a8e1b9f2428dc3207183d2b223136e08e1d57aed627f9548cbe5904b0218f000e95c927777475b8da26e47792cadb63073dce689bcb6859649d9e46fee8e148391f5ac84b970bb109c37603ad685b69f2cd869c945fee0ebf8fa51748cac476b24b17991f9ad7534b2b4a5470aa5b938fee8fad5d8ed5c9125c499ff617851fe356eded5141489028ef81deafc362320bfcedfa56729b61a228436525cbaac4319ee4575163651d95b88a307d58f763ea696d6d5615e8371eb56c74c9ad29c2dab319cefa2236c2af39aad2366a595b7375fd6a2c722b4dc85a0c55183eded514ce5db6ad3a6939d8bd6858f681c734792297719b42818a96dd373669ad8e15483ebcd5a8976a8e296ec1bd09475ae7bc69a99b1d15a1898acf767ca520f217f88fe5c7e35d0676835c0ead6b77e24d719c130d9c5fba8891f338ee40ed93dcd12925b8e9abbb99de10d11751d47cd9107d92d0866e3877ecbfd4fe15e95d8fa9aa9a669f0697631dadb2ed8d393ce4b1ee49ee6a58eea0b852d6f3c7301d7cb6ce29dfa8a6dc9905fdc2dbc0ce4f4e9f5aaba2dc35d3ce58708428fe7589e24bb96f1da1b59155603f3163f78f703deb5bc1b6925b6848f383e6dc48f33739c027007e42a60b99f35fe454972c6d637f6e45739e24b55bb9a15dc372670a490573fc5e87d2ba5c715cc6a9708da8c80a93b4f2ded5737643c3fc7725d3edded0b182ec10cbbb6c89b8641ce073fae28f2e3591db2a9bd8b36064927d4d55fed04110540fbba75aab99a463f3b053d80ace52ba48eb5bb6cb9a83b6c8a3538df9efc71ef51ac53cd0b43094491976ac8c38527bd360b5c6393f9d6b5ac1cfc8a491445df42273b2b22b695e10b4b411cf7b28b89872107dccfae3bfe35d3ac980028c01ef5480688812a943d707d2965bc8a088c92c8b1a0fe263815bf328f91c52e69bd752eeee3ad44d3055c6726b361d5a2bd07ececc4038e548fc7e956151e45de41080e3db3fe359fb4e6f84392db9289999b240fceaa6a002d83c2bd66ebcf6ea6ae471ed1d31546626e26257ee8f9454cb48fa951dcc7b1b1335d8420ec43963fd2ba68d36a8c014db783eceab8032467d6a6e14649e2a28d1f66bcc73a9ccc8ee24f2602d9e4f03dcd57b75c81c541753f9f75b73f2a703eb566dfe5c75183eb429a9cf4d90ad68989e2e5666d3c2824e1ffa553d1d1806cfad6a7892de7babab410a16daad938e99ab3a469f15b95fb402500248f5344a3cd3b22b9928227f25a2dbbb1f30cd60088aeb5712e4fcd815d031da0b313f89ed5cf45309ae9db3d4d3aad2b24282dcd88db81cd57db9bf76f5152c6dc0a915158337f1678ab4ae4bd07c8a028f7ad3b640b636f83c365ab3643d3b62b4216c471a7f7500aeaa6fde6633d8b71d4ebdaabc7d0559415d48c1969c609a8c8ab0c030cd404735622265e0d406ac91daa165c13486454d614e3d690f4a9632235048383561bad45274a0666ccdb6a95c36e43572e97ad66ce70a7e958b4d3355a9046dcd55beff005669f1c9f3fe345d2ee435c75353789cfadd496b74b2293c7515dd693a8c57d0295619fad70574bb5cd334dbe9ec6f90c24ed63f32e7ad669b5a96d5cf63826596d4c1201d31c8e187f8d625e698230c635f97b53f4ed412e215624035b292abc45480735bbb548a4fa186b07a1ca4642b152304558e3157f51d27ce4692018715cdb5fb5ab159d4823ad72ca4e9bb48da3efec69c91091429a7243b14609aab6fa84532821855f59158704534e32077437715078aa0dacc51cbb25053b735a9c63b557b8b182e86248c1fc2b48c49b8477692a0646056a44b66ba3858f23d7153da69b0485238d00c63e95d13c50db42a880023bf7ad1536f77a19ca696db9cd4be1542a5a6201f4159575e1985890091f8d7577570c47deacbb89f83cd653f669d922e2e7d4e5b4df0dfd9f598ee03ee54255549ea7a66bd04db9b1dbb9832b0da78e86b93b7baddae887380c99033debb19834f6cad92db473f5ada959c6eb722a377b3191edeb9a9f78005501134567f68129e49ca91c75c5529b5098c4eb1808f8c06c6707d6b39549416a0a1cdb1b6d20f5a8a49d63525d828f526b2b4f9ee24b241732996504ab498c1623be074a278f20f193584abc9aba45aa693b31ebad59dc4cd0dbdc46f229c152d83f953f7be7e6fc88ae0755f0f477772f22bb472e7ef0a6d959f892c404b4d6cf97fdd997cc1fad631ad09fc52d7e66ee95b63bfc743920d1b944a91ed25981390381f5ae6ed6f3c4312ed9a5d3e703a131329fd0d6b41a85cb2fefa28c37fb0c71fad6ca7121c59a9b7e53803349e50c5525bd9700f907fefaa5fb64bc7eed47d5eb5e68be845a45e118e39a76d551deb38ea0e0708bf8b1a824d467238289f419a4eac621ece4cd3dd702ef2040b6613e6249f30bf6c76031f89cd4526a76e8c144a18ff00b3d3f3ac695a4b86cca5a4faf4fca858e604848c0151edefb15ec97536966f3b1f30c7fb269eaab83838fe758ab0cc01c2aae7d062a4cdd0036cecb8f4ff00ebd5c67e4271eccd511a6d003114bb63cf5fd6b24cd763fe5b9fc5455669b50134acf7998582f9681002a7bf38e41abe64ba0b95bea6fee55078aaf36a1042a4bc8a807726b9abbf36404bcd23b738cb9eb5cede4d24cdfbc91c91d013d28955696c694e829f53adbaf1b69701281e595c7fcf38891f99c0ac2bcf1d5c4c4ad9da2c409ff593b6e23fe0238ac192d64ea0127a8e2a1961688e2552af80704e78fad4fb4b9d0a84224b7da8dc6a4ac2fa79256cf03384fc14703f1aa19503b629ccc41c7183e94ddbd373051dd98e01156b5dcbb585dd9ed935796ca78204b891484738201f980f71daa9dbcd14933ac126e650325474f4c55d55ba75606573177f30e7f5a995968c4b5d89a2cc970d28040f73d052b44d34e17d0719a75b5cc96fba2739c8c7038abda7d84f70fbc719f515849db62e5b6a4d65691c00363e63dcf5ad8b7b47900dc0a2feb53da69e9080cd977f535a2b19e0629f2e9a9c729f62bc56eaa02a818fa568dbdb8501987d29d0db85e581cfa55818c1e326ae30b6acca52e81fcaa2924cf028925e805445f6805aaf7d09b1149205eb504931ced5fbc7f4a8aea767954463231c7b54b043b7961cd2bf4455adab1628f68cb1e6a563b466958edef4c55f3187a53db442df5196b671453cf7089b64b970f2b67ef10303e9c55f1d298a07150dddd2dbc458fe03d4d3ba8abb159b657d52f3cb430c67e77ebfec8a8f4bb3d8a2661d785fa556b3b76beb96790fcb9cb7f856f050a00038ac21efbe766927cab95114d099a09220ed1ef52bbd7aae46322b97bcf27c25a0a59599f36f67c80c17e663ddb1e83b57553388a32c4f4ac675334e6571f31e071d055cddb4414fcce4ed2c6f676fdec2c81ba173c93f4af44b584430471a81b51428acdb58434ebc0f979ad955e94518ead8eb4f984918471339e8a335cb4f1f9f3b3907e63935d0ea927976a140e5ce3f0ac7f2669997048155564af6152d15caa2d9540c8029eb1ee23cb527dc8ad08ec4672dc9ab296e14818a8e593f22dcd14a1b36620b9fcab56d6358c00a05342800f14f69238519dd82a202cc7d00e6b584147531949c8cef115d4d6df67f2480ce1be6c6715830dadc6a33fca1e793bb31e07f85746f6b6fe205b6ba4b83f65f2f720c152e0fd7a7d2b461861b5023b7daa1067682323dc8acaa51752776f42e35142365b94f4dd220b2ff005eec6427e70abfa75e2aec9f330000541f750741ff00d7a737a93c9ea49e6b2b53fb6dcc96f6f6129b78cbeeb8b91825507f028fef31e33d866ba62a305cb156316dc9dd96e77e0a29e4f53e945b931c6aaaa32ac581f7c63f9526ddcc4e00cf34edcaa38e6a3adcae96240c0160437033bb1c1fc7d6aa5e5c32c659413b7f840e58f614e794b13ce077ac3b9be3737216060225e0311d4f7350e57d0a8c7a962dcb79a438f9ba9e6accdab58e9b35aa5fc8d1c770e54381c038ee7b563e837bfda325dca01f2e297ca5cf538ea6ba158d245db2468ebd70cb9e6b2a54f91b4549a7b96b7c7b559183238dca7daa3775c74acbbdd5e1b7bb92224964c020564deeb33cea520050773deb57596c4aa6c97c45ac7970b5adbb032bf0c41fba2b37430c49dc4920567b44ccc492493d4d6f68f6e638f91d79ac137396a6ad28c4d55e07e1562c5434f1ef1f2eee7e950c7199e5080819ef8cd4d1aec2c33caf15d5156699cef6b162f9d64bb668c003d31c54b0b990e71547fe5a75abf67853922b7a6f9a4cce4ac8bf10e055a51c54518a980aec89832cc6dda91d71cd451b640ab1f7d6a8440c3bd4522f353b2f5a632e56802a30e29bdaa665a87a1352511b546dd0d4cd51b0eb486665d2e326b26e3a1adabb5e0d62dc753594cb8995bb64c6ad37ce954aefe560d8a9ada50cb8cd724f73a2264ea11ed278a8747b7f3afcf1c2d6b5f41bd0902a1f0e458bd9323bd616d6c69d0e86284a10178eff008d6f59cc7600e79ac5ba5916683cb1f2e7e6ad8b787217248cf535ad9a7a19bdb53491ff002acbd73418efe032c2a378e781574318db69356219b61f63d455fbb35cb233d62ee8f2dba46b3765662854f7a23d52e2100ab122bb4f14786975283ed16a009179c570725bb459470432f041ae0a949d29599d909a9a3560f118e0482b4e1d72de4c7cf8fad712e70d4dc900904e6aa2daea0e299ebda3482483cf520eee94ebad52d56e45a99944e7a2679acff0c315f0fda0e7ee54f716b04970b3b44a655e8f8e7f3ae8737c891cdcab99dca77d79b58a835952cecddeaaea9a808352789bb5442f1241c1ae26eef53a546c89ada6f2f5382471df6e6bb4fb6186d8b056753fc2b5c13c81bbf7adfd1758170c6da5204aa33f515bd19f23b19d58df534e5d4c4703c38650cdf7597fad574c4833c73571a1591b279350340d1b123a56b34dbbbd888b491774e8039084606e39a7dc4382c3d29fa5aef899c838dd8ab53c62456c10a48e0e3a56aa9a95332736a6721756efe7b1009e69b1c6ebfc27f2ad79213e6b06e71df1d69551703e506bcc8e1ad26ee753a9a19eb1b71f21fca9eb0b9fe0ad158f9e062a458f81c8aeb545f733750ce16b2639c014f1647bb1ad00abea68c275cd57b15d49f68ca42c531c8cfe34f5b58d40c20fcaad65540e29a665ce03004d3f67041cd2643e4803eed218c0ec2a469d7b72298d2363a629da22bb1857af1fa544e303923f3a49246e7a9354aebed2ca7c9519f734a5351e8528dc9646445249e077accbad52dc31ccaa4ff754e6a85c697a94cfb9e30dcf1fbc1803f3a6ae9578a4fee027aed22b17564fa58dd422ba8b2de16fe1283b16e3f4ac8b8f9eeb2c570792a462b656c264193111ee48aa5776ceb72ebb4798fb486ec0629c65736a76b90aab491952303dbad364b48d958b00a07419cd2accd22a820a1527e6ec7152dc076b3616d3ac32b70b2f519eff00a52eba9b3ba320e9c5a6c2c6719eb57b50f0c432e9d0b24f1aa9c1259b6b3374c60f61eb57ace272a0cb219655e0b62ab6b3878da60c235ec31c0f6ad69ca57d089252d1ec65c7691d809218255660d82d9e1cfb1a684963b81b1b3800e18673408d67786286032cbf795946581c7a5751a6680de506bfc976e7cb0781f53dcd6b24d3d48e68c119da758b5f4fbf1fbb41c9f7f4aeaede111200a06053e1b68e14088bb557a2818ab1145b88e2b251e530a9539df90e8e32d8c123f0abcb1f3b88e6848b691822a51c0ab51eace772171c54334db7e55eb4d9ee8282aa471d4e7a5674974304a107fda34a5208c59624996319279aa924cf310012298aaf292467ea6adc7085038e3d6a1272f42f44321b70bdb9ab1c2af5e3b9a6b30504629b86908c935a6915644eaf7171e61a99176818c62854da3a50ce23524e3f3e94b6d587a04b22c68598800724d61c866d4ae86c0553f873d87ad5a999ae9b183e5f61ea6b46ced44099206e3fa573c93aaedd0d15a0bcc75bdbadbc0b1c63181d6a6e8334b8f7aab7971b46c4fbd5be89196ec82ea5f31b193b455627761540cd47b6e1a762590c381b460eecf7c9f4a91ad9a4478d1cc6cea543a8e5723a8f7acdb6f6355645db18f82f8ebd2b41477aaf696eb6b6b0c2a4911a05dc4f2703a9f7ab0c76a135bc15918c9dd94aec092e1411c2f4a458c63b52b30c924f5a4f30e38142b5eec7adac3f6851da9a645078a67ccdde9563191436dec1a06f66e99a97ef0dbb463dc52aa8c529911072452e5ee17248d703b7e550c76f6b62d2c914412494ee91b2496351c974d8c463f13501dcc72cc4d17ec82c586b832138c814d120030315181f5a46748d4b390a3d49c52d771d90e699b7aaed63bb3c81c0c7a9ed49248b1c6d2caea91a0cb331c002b3ee3588a3045ba995bd7a2fff005eb9fbe86eb559775e5d31897948506157f0ee7dcd43922d449b53f107db8986d7296bdd8f0d27f80f6aa12dccd1db3bc014b8f95413c66ad47a642807049f735623b456955401d7a62b0726b535b22ef86b4ffecfd2638892ceec6476c72cc4f26b7e32154b37451b8fd07355e140a8063a714cd5a431e9338538675d83f1ff00eb5752ba57673eeec726b70b3bc9296dccec58fe269dcb7414b1db244a028c55a86d5a560003cf602b9db7b2372bda59b34a598f04d7411c3e4a6dc60fd2ae58d943a644b7372aaf37fcb2873d0fab552bab83b9e4723731c935d1187b38de5b9839733b2d8ab22ced7b6f240db446d93c56b45b4c059b3e616e067b553b22b3a8742197d455e99be51c01818aa83d2e296f6228fe6949f4ad2b65e4550b65c9ce3ad6b5aa71d2ba68474b98d465b8c600a9d79a897a54ca38aeb30218db07156a37c1aa353c4fc55b44a65b75cf35177c5491b646291d71cd49456913a9155e4538cd5e65c8aad22e09a0657ea2a36a91be56f6351b54b1a2adc2e54d615daf26ba2917729158979095cd6535745c4c2ba4ca9aa304c63976935a93af06b1ee50abe4572cd687444d85027503d6a6b4b7fb3dd61570a00e71d4d55d0b3712953fc35d37d98601c56695d5ca6eda0ddb900e2b62d177229acc72bb1502f35a9668d1a286c734e325cda1325a125c4008dca2ab47273835a78e2b0757692c6f23907304bc7d0d457bc7df44d377f74d48e52bd0f07a8acad73c3516a7199ecf0b3e3a7ad4f0dc86039ab714a54ee5383446a466b965b0dc5c5dd1e3f7f6d358de341731b4520fe123afd292188c8718e2bd6f55d22c35f80c77518597f86403906b8eb8f0cdc690c564532459e2403b5454a4e2aeb546d0aaa5a3dcd9f0ccdff12a4889ff0057c569c879ae6f4cb85b497058046f7ade12f9a06c05be82a22f4b0a4b5b9c978bac889d2ed47ca786f6ae6da478c6437eb5ea136932dfdbb46f1615bd4556b3f02e9d69992edbed2fd95b903f0aa546527b683f6b18ad4e0f4e17da8becb581a519e5b1851f8d74d69e1d9a1649e79712a7202f41fe35d5ac50dba048635451d028c554ba980079154e9c23b8bda4a5b096f7409084fcc2a66b886490c3e6a79a3931e79c7d2b1655767dc32bcf1557ec762fac47a9dd07fb647c2bef217a639152aa5b49072df63abb2b816fba3738463907deae97dd8ac64916450411834f62ecbb77b63d335ac66d2d0c9c6ec86f354892fa48f6b36cf97729182698baa45e8fff007cd45359ab7418aafe4c9192323f115873cefa9aa8c6da1349abceb7388ad44b6e47de126d753ee0f51f4a91b546e76467eac7159f35c3dbe3cedab9e8491cd559357801c19533e80d5f3aee3e4ec8d63a95cb738441ea466a9dc6ad7583b25d9feea8aa7f6c136706a19164933b702a25515b42943b87f6edd42ff3e271dc3120fe75a569e25b2930b2c7242dfed2e47e62b05ade4563b90fe54cd9c9c0e9d78aca355a2dc133b982fade703ca955bfdd3521d8cc393cd70d1b852323a77abf0dd48bb444f283f5247e55afd6558cdd1ec755b548ea3f2a4317b8accb7b899d46f573f855b5cb10bf303d704f6ad6356325a233706898c63fbc3f2a8fcace4e5703da90432b1ea3eb8a945abb1f9dcfe74d4afd036ea559635c7df1f9573faa2c82e64508763a87460b9ce0723dabad5b38c7607f0a79b50c31b7028e593772e151459e7f7166eb1ab30ca1ea01e4fb53ad6cd2ea5fddaed5c74ef9ff00eb574579e1db97775b6b88d60719d8c08656f623b55db1d322b184212aefddb18ff22a7d9b7a1d0f111e5d1ea6547a5cc47cc40071c62a39bc2f15d102e6e26316726340003f8d74670a0e0544ee71d7f215a25183b9cfed66cad069f6b66316f047083d768e4d4ea8a074fce9eabd320e4d4a21db82fc0a6df633bf72158f7b74ab91c2140a5554503d6abdf6a96da7ae6e25084f441cb1fa0ff1a5a47562d5e88b99da3a8ac6bcd6d0b347698936f0d213841f8f7ac7bdd6a5d40945cac3ff003cc1e0ff00bc7bfd3a5416f6ca18b1cfcc724678fc3d2b3954bec691a76d597bce7b8619264fc30a3e83bfe3566184b105ce715147b540ab08c78c03f95426ba8df916d15547514aee09017b542b1bb1cb138ab11c7d302b6bb7b233d10d0a59b249a9d576f6a40b8c540d7461817cf2a25c7cc10f19f6a7a2dc5b934b208c12481eb54259832b4921c449c95ee6a092f173e64ac022ff0078e00ab1a6edbd8d6e109309fb8d8e1bdc7b564df33344b956a4f631f988256529bb90a7a8fafbd680a40b8000a65c5c476b03cd33848d064b13d2ad2e5466ddc4b89bcb538e58d52f2f71dcc79acb9bc436ace591cb83d36ff89a84eb6d27faa48c7bbc993f90a5ccba96a32374055c741535baf99216c702b996d51f8df22e7d16ba5d2e485aca231b0208c9faf7cd34d32649a2eaa8c8f4a8af18ec080e335617a1e6b22f6677ba61191b578e99ab7a2223ab2458d4753fad3f0a0f5fd2a9ee908fbdfa51e5bb11b998e7df8fc6a6fd91762d34c8a3a8fceabcd792a9510c065dc793b82851ebcf5fc293cb5504b1551ea4e29caaa3bfe54f50b2069a5f4c533cc6cf393f5a734c883e6207d4d5496fa15ced25f1d9454b49751ad7a13b4e464d44f75205272a8a3f89aa935e4b23108a917b9393546ea3337cd2ce71fdd6350db2d245c935463909216ff680c0aa8f3348dba462c7fda3c7e554a4678c81192f8f41491c7732b9dcac07ae297322ac686df94b161f9d554bab96d45e1fb28fb2a01fbf2d8c9eb81eb4ff00b24eca0602e29c2ca6fe26381fa5272ec8765dc91ae141c27e75774d4f3243211c2f03eb59ab6b20995703663ae79cf6fc2ba1b3844312a81d07eb58c54a73d7a049a8c742e463a0accd644d73245145fead3e67f73dab499c471963e95515872c4f27935d9249ab1ce9d9dca90698154348c3e9deb451d2dd36c3184f57fe2355da6553c5656a1addbda821e4cb7f756927187c23b396e69cf741492587bb135c56b5af3dfca6cac18ed66da5c7f11e9c556d5359b8bf568d731c44f201e4d5af076902f35037522fee2d4e471f79fb0fc3ad34afac86fdd5a1dce9766ba7d8436c0e7ca40a4fa9ee7f3a7ccd9007ad4adf28eb5142be74fec2adabe867e65db68f81c569c7f2e00aa7080a3356e3f988aee82b239e4cb118dd53a8a646b815328ad48289a507691499a3b568665a8db38e6aca9dc2b3a36da7156a37e9cd43459215c1a8644dc2acf0c2a365c52194245e0f155cf715a12c7df154a45dad498d101f4aa57916f43c55e6a8a45dc0d4b451ca5c2957208c566dcc79078ae8751b7e49c5634a9c1ae49c6c6f1659f0ec31acf233361f8c0cf6aeb170172466b8a5531c88e876b0ef5d369b7e26882390245ea33596c5bd4d116bf323647356f708d9149f6aabbf3de98ead377fd6b193693e55a8ed7dcda4e464d57beb28efecdedd8edcfdd6f43d8d16eb2a42ad3677301fc591f51e94493ac6a493f402ba1cd72fbc8c1277d0e541b8b77292a95643827b5695bdd6f519aba59665c3a8ebe95135a4243601538e369ef5c51c3b4ef191d4ea5f745b8609668c3a8014f726ad7d8dd90a4b202be98a583e4851413f2a814c983b34644cd185392147def635dd1e5846e72b6db228f47d36190b8b7467f5233564148bee228f602a269022e33fad559aebae39350eb461b6835072dc9e7ba38249c7b5519eed171890138c9155e69998f5acf921691c191b81d0573cab4a66f1a691722b96be88c96e094e793c7b53e1531bac848dca72322a2570a17000dbc54725c12c154966ecaa326ad38c6cdee166f41f7b307667200cd605f4e391915beba45e5e1ccc45bc7efcb7e553c7a259da8ddb4c927f7dce4d4ce13a9aec8719461a1c958ff6843207b7cac7dd64e87f0add8f548d4059b29f51c54d711e5b646a598f4551cd576d125901370760fee03cfe26b2519c7486a5b9465f117d644700ab0a6ba820e455375fb380a0fddaa6fadadb13e68257fd91d2b5e74be22395bd87eaf1d9a58bcb7c81e14ed8e73db1ef5c8dada41aadcdc47a789adde101b170432b03e8474aeaae26b1d6ac9a29b6bdb4a39e7073d88f420d3747d2e0d36d5638e5334878695b033e9c76abe58b5a6e5294a3b98b6f05e5a311750301fde53b97f3ad6b77490a85efe86b524668a5b74fb2c92472b146963e4447b161e87d689f4c86e6374752370c128769fc08e9593a4d3d07ed13dc81ec12e2168e50fb1ba95241fceacdae9d0dbc7e5c512a277f7fafad6447e135b7d4edaf6d2f6ea310e7cc89a56712fa753c0ade8fcc4c024fe75a2515ba21c9bd8956d500fb8bf954cb0aaf4523f0a8d676e3247e54e8dc46d214ce5db7365b3ce31c7a74ed557891a9288c71853527943aed03fa5566ba118258f1f5aa4de20b6f37c90c0b9e80b633439c23b82849ec6c2c6003934eda83d3f3ac75d58cdbc46d0e51b63004920fa535aeae1d721b6e7b8c535523d107b37d4da2caa3d055696fe18ce0c833e80e6b15a39243976763ee4d302951c311f8d4bad2ec52a6bb9aa6f0391b55883c66ac2a8e32473ef54ede3dd12ee3cf5a9cc7920eec11d39aa5cdbb13b6c897cb04e7b543320d85803b47a0e69de7155c10699f69f948276fbf7a526b612b9242acc00c723a9aced6bc4da7e8f22db4f234b718c98a3c12a3b6e3daacb5d7ca56363f5c5679b1b7926699ade2691f96628093f534b9f4b229455ef230ae7c557d7c0a5a016b1ffd32059f1eeddbf0aa915a5c4ce5bc99a476eac54927ea4d7631db85036a851ec3153080fa7eb593a5296acd3da28ec8e6e0d2ee88198d53fde6fe95a30e9acb8def9fa0ad51181e94b85047f8d52a2ba92ea36558ecd131c66acac2147414e6915698d71c71fa0ad2d189176c902e01e948d3471039238a819a461d31f8d40d09639634733e82b7733357f10b8df6d6f04c770c79ca0e7fe038ac696ef589db30d84bb8ff00cb49f19fcb35d5790141da0d3561692408aa2b1945bdcda3249688e774df0fddea57b149ad39309cb0877e4b01edd8678aef1155555540551c000718f4a8a1b68e3c10a03018ce39a9f8c1cd6a96865297330660a324d711e20d425d52ebc98894b588f0a460b9f535d45dce64628a463bf3551edd245c488187b8cd4ca327b1506a3ab39586c3247cc6b422b04c0e2b41b4d4ce63253dba8a431bc206e4fc41cd64a1dcd1cefb15db4e491570655d8dbc089f6972390a4fa1f4abd6b14aa81e511c72b7263889c2fb67bd442f21501b2a3df348daa42a40041fa0feb5aae5443e666a4724aa31e637e7481541ebf5e6b11fc4765f6c5b4494b4d8e405ce2a537134ec56363f2ff77838f7ad1c9227959a8f3c508f99957ea6aa477454c9fbe9ae37b6402a1420f4181fa9acd759239539da3a927927da9249a7dc3c8453fef66a54ee3e534de4332947452add438c8a8950c51ac5102a8838553802a34924603200f602aaea6f7bfd99746d0b0b811131ec1ceef6f7a340d49aeb4e86eca34eac4a1dc30c473fd454bf66de3e61f80e954b4193516d311f540c9313942ea15caf6dc074ad2f9b209ddf9d36927662bb21fb0c781f28a7fd963f4fd2a4f9bd0fe747cde87f3a5eef60d462db8539c1c7d29de581e829bb9bd5a90966e0027f0a775d8351f95527e61513cca47ca0d5698b024608fe552d9c2f29dce0ed1d38eb594aa3bf2a2d455ae4f6b6e4b6f6fc2b4907e94c8d3007ad56d5f558344d324bc98a9dbc47193feb5cf451fd7d81ad210b19ca5720d5f5682d641049200c06e651db3d2b165f122e0882163eec6b06496495da49e4f325909791f3f798f5fc3b7d00a6aac929db0c4f231fee8acdddb3449245cbad66ea652378407fbbdeb30e5d89249fc6b422f0eeb173f31b46853fbd2715a6de0ebe8625679e0e4740726ab91a5741cc8e6655da84e2bd1f41d3ff00b334a82020799b77c87fda3c9ff0acfb3f0c69ea20924796e27460c73c267d31f5adfdc36f041cf53570d8ce4ee326936ae4f7a9ece3db173d5b9aaaabe74b83d0568c6bc80056d495ddcca6ecac4f182c4002b4618f68a82de2da06455c45aee8a39db1ea2a402914714e154233e90d14de95a198bdea68a4a8297a7343434cd18dff002a908c8aa3149eb56d1fd6b36588cbd78aab345c1abc466a364c8a00c865c12315132f15a13c19c9154987278a968a452ba87cc43c573b7506c62315d5b2e41acad4adc60902b19aba348bb183d6314f6254c72a12ac3d29adf78ae0d18cc2c3b8ae47d8e847436b76c5177fe7571640d8e6b1b4d984d6cbea38352dd19e38b75bb852082723b771596b6b8eda9ba9336cdbb8edf4269ca07a5645adf798a33d7deb423b81429a627068bd1c7031fdea1fa834f36d6f91b5980aaab38f5a944e31d6b4538db6466e2c9f72a7caac4f1c7ae2a2925c0a8da65ebc715035c2919cd6552772a310924dddea066e4d234c189da09a160925232420f5ac62aef4d4d76444ed807245471432dd362da2693d5bf87f3ad45b1b58dd5b689f1d7cce9f80ff001aba6e085006157d14600ae854bf9999ba9fca8ce8b44e375dcf93ff003ce33fd6aec51416ab886354fa0e7f3a8dae073cd5669cb48aa9b99cf455ef43a9087c285cb296ecb724c077a8d6192e4e46513fbc475fa54d05885c497443375118e9f8fad587973c703d0568a0dabd4fb88724b489025bc56e088d4027a9ee6ab5cb000f4a9e5931df9ac1d5b568adc15dc0c87a28a89d45145c20e4ca3ab5dac11b331e9fad72c866d4ae8840028c93938c54da8ea22ee68837ca83ad669d41ada673180f13632a4f20fb1ae74b9f5677463ca8d44b0457cb30007bd588a6f25cf91216f5c9e0d664379f696512c242af5da7afd6af5bc70a281e79f2cf504723e87b54b8a4f4668f6d4d583c49696eeb14ece99fe2da4a8fa9adcb4bcb6be4dd6f34530ffa66c0fe95c26a10431b6e8ba1f7ac3b5b3925d6219482811c6194e0b56f09b4b539674d37a1ec3b539e714be482c1b0a48e01c735856ef711a0c4ac7d98e4554d5bc5171a25b09e5b68ee1376d203143f81e6ad4d3d2c63c8fa33a9f2ff00d9fd698d137980796be5edceeddf36ecf4c7a63be6b8a83e2a69ec42cfa75e212700452249fa715bf6fe2bb09a357db751647dd961208fc89aa9251f89092974353ecea4e368fc4531ace262331a9c7aad32df59b5bb04c12e71c1dca45595ba463d454da0c3de457fecf841384519e4f1de93ec1192783f9f5aba2643d852ef43d40a5ece01cf233fec03b337e7486c5f9fde1c7b8ad1f93b12293819e68f6687ceca0b0cd1ae370a478ee319550dff0002ad1d99ee0d2f964f614723d8398c3912f3bc4f8ff64d45fbc5fbf1c83eaa6ba0319c8f969c17eb58fb077dcaf6873cb74aa3ef05fa8c54a9748a01dcb8edf30adb78d587ccaa7ea01ae3354f0ec92eaf37d9228d217c3824e1413d401f5a24a70d99517196e6bc9ab5b47f7ae225ff0081669b0eb16f73318a294b301bb853d3dab3ed7c29129cdcdc33ff00b118da3f3eb5b36da6dad98c5bc091e7824724fe3549d47b89f22d81a490b615405fef66976bb0e4fe5563cb1d00a36e319e2af95bdc8b902c0aa00feb522c7c74a5322a9ee6a292eb00818aa4920d59232ed527f4a8a478d39ebf8d549ae988c29355159e49b6a00ee7a64d43a9d10d43b9a3b8c840c7d07f5fa55db5b711afb9ea6a2b4b531a0321dd29ea7fa0f6ababc283823eb5a25d592df61dc7e5587aceb915ac82d11bf7cc39c7f0ff00f5e9be20d7d74c88c16e43de38caae7ee0f53efed5c4199a69f6b2b6f73f3313d49ea6ab92525a1ad2827ab3a8875456217cc073ea2ae2df6d3b5ca9c77cd720f0154d9bc83d339ea7fa53e3bf9ad4aabc19888da5d4e4ff00c0877fa8acbdf5b9aba49ec7689708c7bf3f8d49c30e31f9d7336da802a4761d1b1cd684379c75ce7ad1ed3b993a6d16aeb4b86e72c17cb97fbc07f4ef59171672da902753b3b48bf74ff87e35b71de230c354c7f78b8c820fa8cf14eca5b129b5b9cdc3616cb33cc91aac8fc3381c9fc6afdbc0d03ee89b07bfbd4f3698aac64b607feb993c7e1e951c3260e1f2b8eb91d0d4dacf51defb16640934644917cfd981aa9b4a374357233bbb8fcea6d9c74aa69cb526f629a32e0727f2a99555ba1a95a052395fd2a26b30c3e52463de9ae65d05a31c1533d4fe54f1b33f78d54fb2cf1b1c4ed8ec314797743a483f2a7cf6e816f32f6e5f5fd29acc31dcfe15582dc6402c33f4a5f2a56032dfa52f68fb072f98e92655193803eb54e49a1b9531e04a3b806ac3582ca9b642597d3352416715ba858a308bfdd514af290f4442b6ed336e97f2abd1c61400a052aa6debc7b54735c2423dfb0ef428a8eac4db6492ca90c659cf15cb6aba67f6f5ca4b7ca5a38f88e307851dff0013c735b124de6105c66a3f3428e80555f5b85b4b105be91608c19ad8bf3d3a0fc2b661b816ea05adbc16f8ee1727f3aca6bb0b9e6a17d44038e78ef4bda28ec3e56cdb7bb793fd6cacff00535134bb9b0072d5cfcdaab2fdc5249e001d49f415bda6db4d1c21ef30266eaa3a20f4f7352a729e80e2a25a8a311ae4d3259368c0e2a47938fa5430279d29623e55abb5df2a23cd966d62da8323935a56f1e00622a0863c91c568c11f00915dd4e165639e4ee4d126702acaae053634c0a97a56fb1985293814dce39a64b30c1a498146928a4ad4cc5a3ad25213400e0db4d598a4e3ad53a72b6d349a2933511f8c1a7919aa51cbef5691fb5414215c8aa5736f91b94568919a632fb5006230c13fad579e3124641fc2b56ead7ab20acf61b49041c7f2a868b4ce56ee230cc78e86a3e16407f85ab6753b5dca5b158f0ab481e12065791cf6ae29c7959d317743a1bb1a7ca51d4ec739dd5ba9b644046181ae7665de87703f2f5abda55d9f280e703b5637b3f22daba3766d2e1687cdb290b9519753804566bdc342064f1fdef4fad5e52b2a63279f438a98adb4906c9ed83155c294e0fe344a0a4eeb412935bea518e672aac082adc860720d4eb3b30fbdc550b4d2ae2192e247b9695646ca46000b10f402aeadb4b23a8ca8ff0069ba7e359f2b5d0aba240ea4e0927f1a5c0c138cfd6a586ce362a263221271f2b2e3f5ab12e9f6d0a31fb43bb81c2e473fa55aa4dab92e693b14d5b04e4281daa459957ab531a34de09042fa0a44f2d492d1093d324e2a351bb325376b822a9de6ab1d944924f958de558b701c0663804fa0cf7f715617323958a304b7f0a0ab4da2417513c7a846924120c1b73c83df9fc69a84a6f713946255860b8bc7da9f2a03f3484703e9ea6b62dede2b342221963f79cf56a90b0550aa0051d140e0544efea6b68d38d2db7ee652939fa0acdc5579ae16307245453dd05ef597757058124d6529b7b17187720d5b57f26176e420e3af53dab8c9af9aeae59988477e19483c0f55356b5fbe2c52150339ddcd61dc5d3b8d85c71e8b8359a8f5676c172a1669c6e6db861ea4565cf31727b2fd6a56ce4f356b44d264d6b5cb7b3033103e64c71c0407a7e278ada111ca562f78674192e5d7509c32c438894e46eff68fb7a5752d66aa0e1147d05745711c7955450163508a40ebef5997602a9a26bab399546ce62fa3dcfb00a8eded845344c7b3035adf65dce5aab5e2886266c631cf4ae76bab35bf43a28e2dd1e715cf78c6c4dc6813a852c55d58051cf5c57516ff003421b1f7803fa5437d0f996d22e3aa9ed5b3d1268c16e701a3f87a1b20b34881a6c77e8bff00d7ada650a2a55190300d3a38bcd7e41c0f5ac1cdc9ddee6d64886cd65867134648f55ecc3d0d74d67711ce995edd477159415403c80075a83cc447f316431c8bd3079ab8fba4bf78ea02ab1233fa51e59e707bd6358ebaea76de4781ff003d631fcd7fc2b6e1b88a650f1b2bab742a6ad38c8cda71232afd8e685de08dc4e3daac7cbea452ed18e1aab93b13cc431c871ce54fa1a90b9500e783ef4be58c75a3cb000e7f4a7661742acc69e261dff9543b78ea28dcaa393426d09a4cb1b9586770c7f2aa7261a4e29249e3407247e26b2ee756b8f31e3b6b42e578124cc1233f4ea4fe54a538f52a317d0d50bc750290b20ef9acc86ea762de6b2367a796a463f33cd4f9224468db8fe25c753f5a95514b61b8b45a69081d9455632339f941fc4d3a3b70a0f18dc4b1e7bd49e5f5005559b1688a6b324ad2ac72abb44db24553ca37a1f7c556bdb986ce079ee2558e2419676e82b4c5b8666d8a1771cbb0006e3d327d4e2a3bed26deface5b5b84dd1c83069a8361cc91c9693ae4dae6a32c16d6a05ac649fb4163c8ed81eb9aebeced56140001bbb9c726a3b1d3e2b4856182258e34e0051815a00ac6063ad3508def613937a12708a39aa17f752c68cb6ea1e6c70b9e9f5acdd7fc491e95198e2c4976c3e55ec9eedfe15e77697f7d1df5c6a6b7ac2566f9cb364487d31df8ab8fbcec38d376b9a3a9453b4ecf73208a6ddc893ae6a1334aaca5d0ff00bcbd0fd2b72d9ecbc46a93dd467ed56fca8cf18fea3eb5a50e9964aacd246aedd40ed8add3b688be7b7c48c58e549a2438f9fbf1d69b346ec3ce841c0eaa687b531caf2db8daaa7e604fe22aec5223da093241e8ca295d4b7364edb196b72d192b8217a9c0e956adee00e093eddaab4f1bb3931063f4f4a8ede693cdf2e5278e99eb9ace54d1bab346e4172db48601c36307fba6acdbea90adcfd9bcf41375f2d8e0fe5dff000ac3866605a30c1769fbd9eb57638da6bb4b88240b228c10ca1948fa763ee2b9a51517b99ce99d345309077069b3dac77033f7241d185578e19170ca3156e39770c38c1aa8bbe923964adb19a56481f6c9f29ede87e9522de0456249c2756e83f3ad29234950ab8047ad626b96f25be8f7c5417022253009e7dc51c8d6c0a49ee5c8b5286497cb12a337f773cd5af315b920d79d79d1f92b2e4a8c6e2c0f4ad2b7bbbc6b68e76791370c808d8c0ed91eb8a4a521b82e8769b908e9fad2fca07ad7236bac4f2ae52e89c1c10e01c1f435667d7a5b2447b8688ef6d8a117249fa53e777b589e4f33a6dab9ea7f2a3e5f5358d1ea9248a0841ee3a53c5d5c30380ab47b4f2172335be5c8e07e7514d75145f7980acedb3483f7929fc0e29c2045ee0d1cd27b20e55dc7497cf26561523fda23f954211b24b13b8fa9a9b0ab8e7f4a4691573c0a147ab63bf62268ce075aaef1e0925cfd29f3dd2a839359171aac4251179837b74514f41ab96666551d6a84f3851927ff00af4f962bab8894db21919ba283fe715b3a4f878d9ca97778c934d8e38f9633fecfafd4fe153c976537ca3f45d25adc0bcb951f6923f768dff2cc7a9f7fe55b2ee028a634800eb54a6b8c9d83393ed54ed156465abdc919da6944687ad6a43108d1540aad6b6fe526580dc7ad6b5a5bb484336702ba68d36b57b994e44f6b6f9c3115a11a63071491c7800015385c576256306ee0071453b8a8ddb029b10c91f02a8cf36d079a7dc4f8079aca9e6dc4f3424068d069338a33cd68662d251450037bd14a4d373cd003d24da6adc72f4e6a8669e9215349a293359241eb5275acf8e5e9cd5b8e4e2a2c50e65ed546eacf70dca39ad1ea29a56901cf496ffba2c795070ebdd7ff00ad5cfea16ad6f36f8cfb835dadcda0932ca76b6319158d7564d246f1ed3951923d3dc7b563521ccac6b09599cb07dcc4e7eb56b4db769256db8016aadc5ab5bcecdce1bad5ad2ee3ca99949e1c7eb5c0d6b691d57d2e8bb1cca5dd51c318ced603b1ab6939c73547cc533b6319cfcd8ab91a8602a637e80c98480d3c30e69ab08f7a904436e3033eb55ef13a0edcb8a37ae3814be4c6a8d24ac151016663d001c9356a18e1288f190eac0306ec476a6a32626d2332f0de7d99bec16f1c9707ee0998aa0f7623b7b0a974ad36f521ceaf7304f2172d986228a171f7719e403dcd69ee18ed4cf3067bd5da31df52799bd89d3cb89711a041ec282fcd557b80a0e48fcfa565ddeb69182b08f31fd73f2fff005eb39d78c50e34dc8d437f0342664990c618a6fcf1b81c11f5cf15565bade3e43f8d62c5e76a33896e1cb227e033e80569018000ac633954f4347051f51ac49ce4d53919646e48c0edeb4cd67528f4cb0799f0c7a22e7efb7615c95aeb7773a9694aa331230838fc2af48b2e316d5cb9e205b758a59228c3caa383e95ca890b2a961c9193ec6ba4921330c190027ae41355e5d3ade3877619a5e7e6ce47d40a6e4ba2358c5a314e0a8014b1fa75af4cf09685fd87a5349281f6cbbf9a538fba3b28fa0fd49ac1f0ce8064be8ee9dd8db47f310cb8321ed91d8679aee9db35a41f56635a5f6515e6c28359722999cf1c55eb993f87ad42b1ed1c0e6a1fbcc85a1524876a1c1dbef8ac8bc5f398c601c56cddb8446ebc567c284e0f249f5aca6aeec8d22fa9b1a5e5ac225246e55da7f0e2ad48b91d2a8e9b26c76849ff687f5ad3615a4758d8ce5b9c94f66f05f3aa3931b649427a7a11ec7d2ac46a1578fba3a9ad2d42dc302e41caf71e95952cdcec8b181dfb7e158690dcdaee432e261b82a29e7a63a0fafbd322b72d867eb53476e14067ce7d29ec79028df561b688858055381d2b66d6d8436d1820640acdb784cd7080f40d93ef5b8c381574d5eec99bb68549ae25b742c8f80a3382322b39bc49730a65e285fd7a8a9f579961b56c9c6e38ae5a69bcc6dc4e0678a8949a9591518a6aecdd1e2eb9ef630ff00dfc6ff000a13c55772ff00abb28557fbc646ac6b7b36908694617b2fad68ac4140550381d3d052e66f62b962ba16d7c4175bbf7d147b0ffcf3ce7f5eb56e0d421bc07cb98b11d54f047e1590b6ed7047242f735696d551400a38e9c5252771348d3daac467a535a1423ef0c566cb3496e0ed97a7f0f5152695753ea92305b72b0a75b8cfca4fa007a9ab567a589b34af72e79458f9718393d48ed5a10db88d40e4f14f8a158940502a43c0f98d6d1a693b99395c6e3df8a8669c2f0a6a3b9bc0a76a7deaaaafce58fe66872d6c8147b97219cc79e0f3deac7da23d87aeefa5654da9410ae649a341e99cd64ddf8980056ca22edfdf90607e554aa28ab5c391c8e8de55402462142e4673c565dfea52b46cb6d94f573d7f0f4ac1d32e2e6fb57dd7723c988ce01e15791d076ae824b7dc8781427cc86d28b3cff5a730eeea5dcf5279a82d6de1fb320936e473c9c727fad6bf8874f7695700e770e833f8d6705cb9490296c750456f41591ab7b135adcb585c958c9da78c77c7f8d75da7df5bcb00f2c027be7ad723f65594655882bea7345a4f25acc082c1d3f5ff001ad1a710925347457d65231924475dac73b48acf50f070c3e627b548fab34abfe155e3bc9e465425768e471cd6638dd2d49d9d5416e6aa98bed3236e90eeec452dd5dc504419dc2ee38e4f7fe94b6fc90f818fad6aec69162da5ae67102c81a6dbb8a7703d7deb76dace4870e36e3daa1b1b289da1bb6505d09db229e707a8fa56918fcb50431c7a579b3d5dcb72be84f0ca5b25c104522b107ae79a86656545954f03ef54f19192b9191ef571d74673cf4278e6ed5615f38c71557cbc9e08068dcca715a26d6e616b999abf86a1bc679edd55646fbf1e30afee3d0d61fd85a3628c5d1bba93d2bb4597a7351dc5ac374b891467fbddc50e0a5aa294dad19c2da68296b78f731bb976cf04f1cfb56d409e595668958afa8e6abea5a7ea37368cda44d25b488ec8c93c7b1cf6fc8f507deaee9e248ec2d56f037da5620b21273cf7e7bd4b4fe293d4775b22665182540507af1483b63f9d4fb9718c67f1a8dbcb0465450d2dc571a7701c7e58a8da6751d0d2c5750dcab35b4b1caa38250f714d926e3961f9d0d219049772283c567dc6a5367008fcaadc80cb908b2487fd95feb4c4d16e2e0e642b029f4f9dbfc0545afd4aba462dd5d492215de158f424ff009e6aee9fe1e9ae0aca54c08792f20f99be83fa9ae82cf49b4b1219630d2ffcf47e5bff00adf855fdd8cd68b45621cbb11dad9456312c68a54633cf53ee6868e11766e8ae67f2fcaddb8f0b9ce31d3ad125c9084bb7ddee4f18fe95cfdf788220c22b6ccd2374dbde8bf44249b35eeaef683b4d4da75ab12279727fba0ff3aa1a5d9b5c626b8c0031b941ea7af1edef5d3d9da9b8618188c56b4a936f999139a4ac89acedda660483b6b721876a818a4b7b758d4002ac85c577c558e56ee017029d47151bb800f3542077c0aa53dc601e6927b8c03cd654f71b8919a602dc5c6e279aa9bb24d0c720d357ad5a5621b368d0293bd1da810bba8cfbd37349400b9a2928a0028ed451400f57da47356a397a735473cd3d5b6f7a4d1499ab1cbef530606b32397dead472f7cd4345164ae6abcd6e24c1190c3a30eb53ab834ec66901cdea9a3f9b1192351bbf897d7dc5729711b5ac855811e86bd3197d4562eada125e233440093d3d6b9ead1e6575b9b53a9cbb9c3ee6cee4621bd73562d75a68494b98d885fe351fd2a1bab59ac6631caa473c1c54440615e738b4fb33ad34d1d1da6ad67778f26ea266feeee00fe46b455c9e80d79c6a1a5a5c02eaa0483be3ad64acb736e7caf3e6403f8439a7ccc39133d896423b7e948f7d1443f792c69f5602bc9374920c99a66fab9ff1ab76712b750091eb49ce4815347a1cbafd9274b8121f48c66aa49ae96c88a303d371ae7218c8c6055b8c3e46179ae795493dcb508a2dcd757171f7db8f4edf9556b568afa792386e124309db2ed6f994fa63fad4f15a3cd90f294dd950cbd54e319fa8af34b27b8d0fc5512c53189c5cac3231fe252d83b87707ad5d2c3fb54dbd2c2954e5b247b1c3e5c61172ab9e15738cfd3d69d3ccb0a124e00ea6ab482dfce49da3469610c23948e501eb83db354e6985c1232768e83fad6ce492b233b5ddd989abdb4bab5c8964919234188e31d07bfd4d66b5b47613dbb48a77f31a4b8e3279c1ec0fbd752d1ae3a11f8d539d6ddc3c4486dc391d694538ead9b295f433764814609dcdd2ac5b59dc32a5b00afe6f2cca4fc83d3eb5188a48f80cce0ff0f7aeb34bd3fecb0ab3e7791d31d3da88c9c9d8b9cd45176cedd6d6048907414f924daa4d4773125c40d1ca5bcb6fbc1588dc3d323a0fa542dba7942a8ebfe715a4a56d11c895f5622aee62c69cdc0a7b290e36b0f2c0236e3927d73fd3deab5e4be5427070c78153b21ee5294f9d39e4ec4fe74cdeaa0ac43713d49350491ced2422096358173e723292cfe983dbf1ab71438030a79a9b3e85dc485592559377cc0e735b76f279f02c9b1a32dfc0c4123f1159b8556eec7d2a6b7b92920538da7a73dea92e525ea5d9230cbd01ac19ac85b4c400761fbb9eded5d07519078a8e6856542ac0106a670e6d451958c07c0079fa7151f323928a48ecdef56aeace4858e46e8cff0017f8d42db80f971b4745c77fafa573dddf5365e449a3347713ddbc77026f264111006046c072a0f73ea6b598d51d26da2b5b47f250279d234cf83d59ba9fd2adb37ca7f215d51694743296e731e25b82d7305ba93c02e47b9e9fa0aa96b65821e5c33761d8559ba0b2ea773367396da0fb018c0a995963501793dcd71dd4a573a36490bb76646083ee29c90997030767a6393ffd6a961b76930d2038ec0ff5ab60051803f3ab4afe84b7618a81400054534cb12125801ddaac79334c0a42bd7ab1e055db5d2e3859649f12cabd091c0fa0ad145bd111cc96e64da68b2ea0e24bd5315aff000c3d1a4f76f41edd6ba28e34891638d42228c2a818029f4d67541d79ada315146529390310a324d655f6a1c948882ddcfa53352d46359e3b612e25983145c1c955ea73db1594d26f21508c7ad4ce4f645c23d583caea71924fa679aaef1191bf78493e99e3ff00af56c3c31a700b3773479eb8f96004fe350a0bb9a73329fd8d307819fa531a1403a0fcaac4b7040398c2fe15524ba6c1c1c7d2a9242d49ec7cb86fa22e080f9515d1e3728af38d66fafadb61b283cf52b92e012636cfa7d315db687ab2ea5648f2a88ae1789e3ebb1bfc0f515bc63657ee653d4875ab5964b477b5ff005e9d07afb7e22b8cbd5b612a1b21b9dd3716639ebdb1ebd462bd1e5500938e0d715e24d1459cbf6fb688b4458bca10e0a9fef0f6ad23a48aa6fa14b4e99248814c64f504f23f0ab1340aee0927767823ad52b3991372ac681c77271baafc132ed1e6b6e6c72d8eb5b735cd2d663a38c1620e307da9853c965f28b3e0f248a9d8fcc0c64e29adf3602d4bb0d14a5b28ee32b329da4e4e0f6f4abf6b0c51402080e63031cf6a6fc9183bbafd6a5b59955d780726b372b2344ba9ab62de48588919c706b425916365cb00beb9aa56f68fe56f662e49241c6303d2ac4920c6245e318e95c52f742e9b2e42e9e4b24880039e8735836da9c76b7f3595c1d9e5be12427e523d0fa1a7cfa8a5a9dbb896c7dd1fd6b1243e648ef21197e4d43a84b89dc47206c1c7353950c39191fcab8ed3b529accac4419601fc24fccbf43fd2ba7b6bc4994323647d2b6a7553d1984a0d05d24b1465e04129feeeec71f5a62dc63bd5eea0106aacf6624cb44763f71d8d68e2d6b12135d451386ea7f5a468e371d05615f6a0da5866b9564da7eee3391ea3d6adc3a82b2824e2973dbe21f2f62eb59a76c543258839f7e3ad396e9587047e747da324f5e295e0c3de4665b787ed6ce60f134c157a46652501f5c5682dbc6a06d51f9538cfef4c6b820739c53728f50d49b6e074146eda7ef7e559b71ab5b41ccb73127fbd20ac6bcf1858c591097b96ec23181f99a49b7f0a1f2f73a7338c9183f5f5acbd4bc4167a782b2c85e6ed0c7cb7e3e9f8d72975afdedda91b8408c3eec679fc5ab304796e0139ab506fe22b952342ff005cbad498f9b94841f9608ba1fa9ef5b7e1fd2def240ee3644bf78838e3eb54346d19ee5c160420ea6bd2347d18b448a53644bfc3fdefad74429dfa1954a96d07d9e9eb33a88176c2bd38eb5d25b5aac2a0018a7c16eb120550062ac018aeb51b1c8ddc00c0a0f141381504936075a621d24a00eb5467b8c03cd473dcf5e6b326b82c48cd301f3dc6e2706ab7539eb4ddd934a0d5a5621bb850073452ad324d75a1a8efed45218da4e694d276a602d2714b494007145149400b4b4945021c1b06a68e53eb505149a29334639bdeaca49d8d652c983562397dea1a28d1eb498a82397dea7560d4ac3286a1a5dbea119595467b362b87d4b43b9d35cb2a978bd457a45452c292a95750411e9594e9c67b9709b89e57b830aa37964b38cf461d1abbad5bc2cae4cb69f2b75c57273c32dab94990a9fd0d7154a0e275c6a296c73a15e190ab8c1ab901d843afe22adcd02cabc8aacb1989bf9573b4f666a99bb6bb648c15c62adb2f96859080554b7e42b0edd9e36062603fd93d2b40ea0cb137ee81931c293c1f6cd435dc0e7bc2c753b9d5a6b9b79e41a7173e733e0ac87d147ae7b8aea574fd36d2f65d416d225bb94e5a5392d9ef8cf4fc2a8ff6a3c76c91c56ab06d18dab82abf402a98ba91a60f2bb31f734ea567293b2050d35371e533f5042761eb4a15c8e063f0aa905c820735796e38eb531b750771be4336739accbebeb4d3b56b6b2ba4643729f24c0646ece0291efeb5b31c8d21da80b1f6ff001ab76f6118b85b992356b855daafb79507b0f4ad22a2c872686e9fa6ac6c259547983a0f4ffebd69330452c41e0740327f0a6065da08208f6354afaf92da22f213e8147527d2adb5044eb263750d463b68d59c9f9ba2e39abf044563dec08771d3d077ff003f5ae7745824d5b55371723e4830c571f293fc23fafe15d53f7a8a7795e4c73b47dd454667f35d4c788c282b26e1cb73918ed8f5f7ac9b826eae4edc98d381f5ee6ae6ab782ce24f9599e5711a851dcf527d80acc59f0a00fd052935d4715a16d6348c0c9e7d297cd2c70a2a050d2119e07eb565630a067e5fc6ad5dec2622a9e8324f7a95620bcb75a50c146100a3773d6aac90b52cdbcfb485638ab31ee65cb855393c29cf1d8d65f2e7039a996e4c000662d8ebeb529d81a2fb2861822a85c696b202633b1bdb91f955d8678ae14ec70d8ea01e57ea3b54bb41e84d538c66894dc4ce4b778620806703150cccd1c44ed6f9413d3bd6bedfa526cf6349d376b0d4ce15165c80b0c8ce7fd835a969a6ca8434d1b17f4c703ffaf5d36d38eff9d26cf6ac561d27a9a3ad732d2ce56c640415663b1452371dd5736fbd3495538ce4d6dc8919f33622a0030a07141e3a9a64970b18e580acf9b5019201da3fbc68ba409365c9ee962079ebf9d635d6a88ebb9640509206de726b0b55d644da33b405bedf70c6058b3f3238383fa739f7a96c6d56dad228a598c8e83e66c77ea6a25cdd4d5452439e08e7bb378ecc65d9e5aa86cec5ea703b67bd4ca807452bef9e454aad0a81f213f534bf6a55fe151425dd85df4136be3e55e9df1934d78e523e6271ee714d9350038de3af6aa335e2e0e4938f7a3990d4592ccaaa092cbf9d539dd2342ce5547b9aad3dfa8385233f9feb54259c4ad97f9bbe08cf34d3b96a0cb134c809e09fa5476975259de25d46e11403bc67865ee0d5737476636800ff001542d71b86d278155665a81d169fe3cb4b80a9a8c2f684f473ca11db9ed5d29d92401b7028c339c820835e791c2b7194740eb8385238aecb47bc8e5b4450002802347d97038fc315ab92309519415ce7759d08d8c8f716ea4db1e4a81cc7ff00d6fe5542394c64630c3d0f7af43911245ea05727aa689f6795a4b55001e4c7dbfe03fe1532ba2a13be8ca09762462acc236eab93dbeb47dadd78c9c7b0a22058819079ecbcd590b32a82cf8fa9e68bbb6e5f315daeb711952a31cf1d6af69cbe648380de9496d6f717523244049b7aee3f2d743a5e8eb6b973f7dbafa0f6159b727a260ea248b36ca563da41f6e6a3b88da3b5549183cb8f99b1804d682c631f776e3deb3354b855b858b1d3e63cd125a6a62a57664c7a7c6c4b38c9272493538d3e11c051f95491dc289186c01401b58b673ebc76a79bf8d4732463fe042b3e587529b911fd8d73c28fcaa558cc2a0a9c11d3155a4d62d30737508ffb682aac9acda9076dc2b7fb99345a3d8353720d41772ac84a9edcf15a2b3061d8d70936aa8d9daac7f0c54da6f889e0944570acd09e8c3964ff00114e129226504ced2e2dedefedcc37512c88dd41edf43583a8e932d9db96b72cfb3ee30eb8f435ad0dc0600860455812023dab6769a334dc59e7a4b4801dcd8fad319a54e93483e8e6ba5d5b441187b8b04f97ab423b7baff8571b7d7eabf245f339ea7b0ffebd671a767635e6bea2dcea37712954ba9b27b6eac89249a607ce9e5909fef484d4a37b64b1249eb48473d2ba62944cdbb9516205b01466ae451aa283819cf34d870ac72319ef56910cac36807f0aa936f41c6c95c6aaee3d2b7f43d027d41c1543b07538abde1ef09cf7ccaf22148fd71d7e95e9fa5e8f0d8c2b1a20000ad6147ac8caa554b446768fe1f8ede35de838e831d2ba28e158c000548a81474c52e702ba4e56ee14d66c0a63ca00eb54e6b9c679a604d2cf8cf359d7175d79a867baebcd519242c4d161363e598b13cd427bd251576b12ddc514ea6fa52f6a648b41e052af5a735006a9a69a466fca9b9a431dde96901a28017eb49da9297b500145252f6a60068a43494085a5cf34da43401253958835129c53bde9345265a8e5f7ab11cbef59d9a9564f7a968ab9aa9266a407359a92f4e6aca4bef53619608cd50bed22daf908923193dc0abab2034fa40701a978567b72cf6e4bafa573d716ee84aba9561d88af5f640c391595a8e856d7a877200dea2b19d18cb6368d56b73ca966f25be62715a1148b201900fbd5ed5bc2d736e59a35de9f4ae5d9e7b1948c15c755615c73a3289d319a91d0f92ac3820d1f6104fdd3f9566da6b30390b2b794e7fbdd3f3ada826dca0a3647b1ae6715d4bbb447169bf303b987d2b421d3d3ab82df534473647bd4bf6a557546601dbee8f5a4a10ea272932e471a46000071ed5219001d6b26f359b1d3d0b5e5e430e39dacdf31fa28e4fe5585378afedc8cba692919e3ce61f3fe03b7e35b5ecb44428b6ce96ef5282d582c8c377f717a8f7c5656a778979b3cb0424796248c16358712b72773313c9627249f7ad8d06cdafb548d1b26287f7b271d8741f89fe46b3d64eccd348ab9d568f63fd9fa6c71b0fdebfcf27fbc7fc07153105548dccfcf563935664ce0f359baa5d7d8ec659472ca30beec7815a4b456462bde661ea131babe7e7f771fc8bfd4fe7fca923dabd6b1cde4ca7e6007a9c5588a6771cb9ac6eae6f6d0d75902f4c53964661d73f8d528f181924fe35651d540e07e755764d8b0b9c8e79a7c8a1a2642ec9b87de43861f43502ca31c0aa379abdbda83ba41249da34393ff00d6a3992159b34de70abd4003be6b1ef75395814b35c93d65f4fa03543edcd78f995863b20e82ae47b081cfe950db91692450860b88671345248b313cc8188627dfd6ba3d2b55bf9ae960b82922904efc61863f9d538d6361d79fa55ed362f2eed5d8019054538c5a7b849dd1b8256c72299f6e8f7947608fc90b9e4ae719fa52f7159b74e15eb59cdc15cc6314d9a86e90282587e7504baa5b458df328ac0b8be1caa11eed59d25e41bbcb7218b7f0fad47b56f634549753a7fed98a47758d5fe5e3730c03f4f5a826d48aa162ca8bdd89c0fceb2164668830c28edffeaac0d72d2677fb4bb33a2f0549c84f7028e6bbb31f2a362f3c4f671122266ba93d23e9f8b7f85625e6b3a95dab797347663f8422ee3f893d6b303aaf4c1a866b938e4e6ae2975d47e86b5bddf9d77e7ca55ae7685f336818006381db35ab1b3363935c4b4e7787dc548e9835b5a4ebd199560be6d99fbb201c7d0fa529527ba1a91d26dc8e031fab62ab4c92775e07bd5e8d9580c11f9d676b6f22948d24c44c9b9940ea735935745435762a4d7491c4c11c6f391f8d63ab4bb99a59da563d8f0bf950db9988a70538e86ba210e546ee36176965dd91f4ef51bf52066a50cca0f61eb8a616001c56aa24dc2340c4798091e82a75852461188b6fbf5cd43e5492800300a7d3ad58b3ff0045954bb6f6f7aa71d014b5342dec76420a3e1cfb559b684d9333ab659bef0ed42c9190194e29565df9181fe15c976f735766b53460be1201c914b71389136b018aab6f0ae4718ad186de3c7ddef4d7358e2764ce7e6b192e2426288927be2ac5b7876e6620dc48117d1793f9d74d142001b56a655c752055287725d42b59e9f159c42389703ebd7eb579578f6a6798883ffaf54ee3521f7211b9bf4aa6e3022ce44d7974b0aed400b9e82b0675662cec0bb1ea73561a60096918963d79acbd42f2528e2da3796400ed48d7249a8e64f72d2b156e240ca48276fd6b127b712122351f8d69e9da06b12c09e6c122b3e4bb4f27dde7a015bb6be135001b99cb1feea0c0fce95b965a0f99347210e9b1ae0b80c7d31c55f86ca598ed82167fa0e3f3aece1d06ca1c116eac7d58e6ae7911a800118f403a5369cb7279d2d8e3e1f0e4f260dc48231fdd4e4fe75762d221b507cb4e7bb1e49ae81a458c7ca00aa1713f279a4e2ac1ccd9516436e78357e1bb0c3a8fceb1e572cc6a159da36ce6b3bb8bd0a6ae74c26e3ad73daef8661d459aead310ddf71fc32fd7d0fbd59b7be12639e6ae2cd91d6b78cefaa326ac79bcb0bc123c52a18e44e1948e4547b4b7415ddeb3a3aead6e5e35c5d44328f8ebfec9f6a7e81e0396e024b780aa9e76d7553a6e7a92e691c8e9ba2dcea532c7046483d5b1d2bd2741f014167b64b8f9dba918aea74ed12dac23558a3031ed5a8a817a575462a3b1cf2a8d905bda470205450001e953f4141602a29260075aa20919f1deab493819e6a09ae783cd67cd75d79a60599aebaf359f35c16cf35049316279a84b7ad3484d8e66ddde999a696c9a51d2ad10d8fcd2f53498a72e339a005ed474a3345020a5cd18e29b8e680350fd6928efd68cf34862e39a297229b9e6980f1d28a4ed49d68017bd14514c04cd19e28e28c50217b521eb41e2933400bda8a3bd1400e0696a3fc69e0d268771e1b06a5497dea0a5a9b1572f24bef53a4bef598af8a9965f7a4d0cd30e0d3aa8a4bef53a4d536192bc6ae08201ac2d5bc2f67a8a1dd180dfde02b7564069d40d36b63c7b5cf045ed9ee7b70658fd3bd717706eec24215a6b771fdd622be9378d5c60806b0758f09586aa8de6c2bb88fbc07350e9c25b9a46ab5b9e4ba4eb135dc237cf279abd7e6ad85925917065723bfcd49aafc3abcd3e633e9ce580e40aa76f71716ae22be85a17071bb1c1ff000ae2ad8571d63aa3aa351484bdd12daf86644db2769147cdff00d7ac39749d474a90c90833463f8a31dbdd6bb28e4570338fa8a798c632a73f4ac23292d3743d2e72d67af43d2e33130ebc715eabe1cb1fb1e931c8ea04d7204afed91c0fc07f335c68d26c751beb58af618da379943b630719f5fd3f1af4890fcc7b7b7a55c127aa22a49ec4121c5606bd8b88638493867dc7df15bb33614f35cccd7897372c54868d7e553ebea6b1a8aeec38773164d264dc7c99013fdd638a8258ae2c82f9a0aeee983915d2617191d2b32fb12ed538ebc543858d14ae6149ac5d40092d1aa8fe265a8edb5ebebb8f789563427e5f94671eb5b51da87206c07f0a9069b09fbd02fe545b4d8ab9892dc4b30fdfde3b0f4dc7f9546a20503e603e8315d1ae976dff003c13f2ab11d8c11e36c518fc051f215ce61637b823c886566f555e2b62cb4bbc60a679042bdc7de6ff00eb56d247c7602a6528bee69f2dddd89cfb11db58a420601ff798e4d5bb551f691ec2a069bfc8a8acb50864d53eca92069761621790318ea7d79e955a26922357736ce3d2b92f13dd4b0cd0c5131512216623d8e315d5b73839e6b96f12c61aead599c2feed8723df357515f4153d19cacc92cd90589fa9e9554691234a6e22775b843b89463f3a8ea0fbd6d79718e8e0fe1461456717283d0d9d9ee69e9b31bb8525604161d318ad06b55914e47b7e158b6f7515b386c3e0fdee7f5ae86175914152083d083c52eba92fb9c6ea3a0a5a4c5955bc863f2f3c29f4aa874d87bc60fd4d7a0bdbac913060ac0f054f715817da1c9165ed1448bde32791f4f5a1f32ea09a673bf62813a4483f0a6b40bf7401cfb5589c490902685e22781b9719352da40cc7cd7047f747f5a4db2892cda58a0c1531ece1416cee1ea7d3e9525c4cb7853b48176953f5cf14f930aa4573faa5edc5b5cc26da32fe59dce40e3e9441394ec8a4f975349ed82c806d193deb36fa5fb28254127be056a5acd26a964b72b6f245f36369ef8ea47b547340ce58b42cc71fddae8868f53772e68dd146da692ea00acbce78fa5595b0da4348081535959deac60c56e4fa678abffd9f7d712969b622e3d7a56ce493f239eeeda99927968e1625c963d1455d87c39713a89a57d9dc20ebf8d6c699a4436a43005dcf5635bc90fcbc8150e6e7b10e7cbb1c62da989cc614ab7a1a68478db3835d16a9661903a01bd4e33ea2b3459ced9000c1f7e2b95e8eccd14aeae450dc6d00902aea6a888392171ed517f6649275551f4347fc23ad2fdf936fd2a937d097cbd4b5fdb110fe327e82a37d6776446bf99a9a0f0edbc60798ccf8f7c0ad1874fb68146c8947e1536a92ea4de0ba18cad79778f9588fa605598b499d80df204f50a335b4aa00180297f1aa8d25bb64ba8fa19d1e936eb82e0c87fda357628634184455fa0a567515135d229c647e75768c49bb64fdbaf14c6603d2aa35e061c1a81a6663d693a8ba028971e6033cd57927cf4a87767bd31986d3ce0fad1ab1d9036f7cd47242aa0ee6e695ae368ea2b3eeb53b7807ef26407b2e727f2aa490b51665500d645edca42c57396feed598daf35390ada40c01e8cc3fa56c697e039666125db1c9e4fad6d1c3ca5bab09d45139087ed971306b732799db6f415dde89a35f5d2a9bc80c7c7241e3f2aea74cf0dda5828f2e25cfae2b652254000000aeb8d1847a1cf2aadec6659e8f0c0a3e507f0ad348d500000029c4814c6900cf35a990fdd814c7900ef55a4b8001e6a94d75d79a605b92e719e6a94d75d79aa92dd67bd54794b1eb4d202796e339e6ab3396ef4ccd31e4dbde9d896c7336d1d6a22db8d3776e3d694551248bd29d9a60a70a0448294f14cdf8a786dc280014ea6d1400edd4669a29d401a54de734e1d39a3bd031297ad21a2801d4b4dcf14b4001a4c51de9680106697b5148c69883a9a28069375002d19e2933477a0051d697b50178a6b12280155b9a92a1a50db69587726a075a62b034ea9289164c54ab37bd57a01a2c05f497dea6597deb316422a5597de958669ac80d3c106b3d65f7a9966f7a9b0cb2c8ac3045675ee89697a8565895b3ed57565f5a9030346a80e22efc142125acd8a8fee13c573f79a66a9631c9e520794729e60f97e8715eb1c1a8a4b68e5186506b395384f568d235648f1e91aeaeace586ed63b69241b73092d81f538e6b6348f10ea568bf67d49e3be854612e14ed9be8c3a1faf5aedaebc3d6b700feec027d05615df83f692d0139f4ae7961e5f659b2ab17b94efb59fb64262b70630df78b1e71e82b2c2b2f40462a7b8d16f6dc9f9491f4aaac5a1c0656dc3bf6ae695392f891aa6ba1623b96505586efa1e7f2aab3bf98c49047a77a5f3cb83b947e74c675c0c291f8d64d22823b8da4673f5abb1dcee030d9fc6b31f1d4020d56923dc776707db8a4efd07a33a2131ff229af74b090649153770371c735cc31940e246ffbe8d569642a09937103df34ad2ee16474b7b7ecc152df528ad9b3f3b797e6363d147407eb505c78812150b04724c40fbce703f1ac0b2b986e50b40c18038271823eb57523257e6033ea3a553835b85d11cdaa5fea0c11a4288dff002ce23b41faf7356fc3b2fd935db75e02b8688fa7233fcc554362ccaac582c83aece9490992cae239994fee9c3e47b1a36d07b9e99bbe506b03c4d097b68a5503f7727391d88c7f3ad98a45750ca4156f987d0f22aa6a51f9d6d247804b2f03dfa8ad65ac6e631d19c714623afe949e5b7a8fcaa4fb5ae398d41e878e869bf685cf4ac6c6c30abe0fddfcaace977f258ce5276ff467ec07119f51ec6a3f3a3c7cc0fe7513c90e7ef32fd4516f303b6864560b9231d8835330de72c4b1f5ae1edf57974d088acb2c2df7636e09ff0077bd74b67aba4d1a978e4849fe19055295b4919b8bdd16e7b28ae2331ca8b221eaac2aaff62db646d42bec1aaf47751b8f9594fd0d4be62f7157cb064de48ccfec2b5c659091eec69d1e8b6311ca5b47bbd719ad2de98a619b8e051cb143e69155adc01855031db1546e4c708264655f727157ae2ee3841f324543ee79fcab92d5aca2d5eed996e5df70c08db803e949b877295cdc86eade6899ede4470a76b1439e7d28456918e7a563f86b4896c21ba12a79624906d53d78ef5d1c36e3cc12648c2edc763ef49abcac9e83bd913dbc614038a7cb30452491c7bd472ceb1216621557ad73f737cf773e50958d7a0a273e556428c79b566c799e7e4923daa44880c74fceb261924e39e2ae4733f706b38cd3dca71b1a0a8a31cd3fe507ad636a1a84f676de6c16cd70d9c6d158ff00f093ea0f204362d113eaa4d5f369a22545b3b2dcbeb486455c9cd71bfdb7a8b9eebf44a55bbba98fef19cfe150ea3e88af67e675526a10a12378aab26a839db583fbcee1bf2a70dd9e87f2a9e69b1f2c51a8f7acdfc5f9543e72862dc64f7aa81643d11bf2a952d2570731367e9428363ba44df6a55ee2a293528625cbc81697fb26e26202285cf726a5b6f09bdd3b09cbfca718c601f706b48d2a8f621ca2b72a43abc17533450c9ba45192b8c71eb56956497a03f95747a77842d6df0cb0a29c7271cd6edbe8f0438c20fcabb21857d5984ab2e870aba0ddde1030554d5fd37c016d1ce679c6f635dc25ba200028a978038aea8538c3631954948a169a45bdaa858e3518f415795154740282e2a27980ef5a19931200a63ca00eb5524b91eb5525bbf7a605c92e00ef5525baebcd5292ebaf3555e62c4f34580b52dd75e6aa3cc58d465bde9b9aab0ae38b673cd30b714c790283cd559262c783c53249a49ba8151672698a29ebd298878cd38669a0d3bd2801c2a45a8e9e2801ccb9142fcb4ab4b8e9408776145229a0d002d2f14d0696803529a3ad19e2973c50317b530b1cf5a713c5205a0040d4bba97000a6f7e2801f9e28cd373c52e680149e29b9a5ef494c42f6a4ef4528a003bd28a28a005cd34d2d34d002f6a4a4c9c5140077cd3964e79a66692819603647b52d56dc54f152ac81b8ef5361a64bda8a6e696818f0d4f592a2ed45202d2cbef52acdef543753d64a561dcd259bdea45973d6b3565a9166f7a5603443034bc1aa4b37bd4ab37bd2b0c91e08e41ca8aa33e8d6f367283f2abab2e7bd3c383405ce62ebc270b92c8306b22e3c2d347f7096c7ad77fc1a428addab374e12dd1a2a9247974da45cc64e633f855192ca4527208fc2bd6a4b48a41ca8fcaa9cfa2dbcb9cc63f2ac258583d8d1577d4f2796dda3196600138e477aaf25bcb8fba0fe35e9b71e1785b2538acbb8f09bf3b0d62f0925b33555a2cf395b358ae4ce91b4721ea4700fd45694120247383e98e0d7413f86ee93385cd674da3dcc7d613f80ace54aaadcb528b238ca1eb9535218811d88aafe4cd1f0d1b63e94e123464649fae2b3716b7451d06933e2d5623d62f97f0ed56aea6f2d0b900ed05b9f619ac1b3bd11cca4e30dc1ad966f310a91904106aa2eeac67256773cf56fbcd998cdc3ca492d9e3279feb525bda8b5caa094e7fbec5bf2ab5ad78724815a5b40658c103cb03240ff003c559d26092df4d8d2e4b99492c431e546781f9529a518dd1a2776575595beeab1fc2a68f4f9e523749b07b0c9abf181fc44673d73c62a6df1ae3e61f80acd0db2bda6956b6b2b4c916676eb2b12cff407b0fa55bf9954f99b579ec7271fd2a292eb68f94055fad547badc4eccb1a1b4fcc4913dd5dc70a16660880fe24ff535893ebbaa34cbf6493cb87bee63b8d599631390641bb1d2a06b01d5091fad0bbb18bfdb9abf6bc7fc48ff000a826d535798157bd9307d0e29ed04a83800fe350b6e52014704f40075aa56033a68a6662eee4b75dc58e6ba6f0d585fcb89ef5bf723fd5823e76f727d2a7d2b42dccb3de28cf558cf6f735d2a80a055df9b421bb02c7ce4f4a479b629c90314c9ee163466760a8bd493c5721a8789d25b931a06fb38fe25eb9f5c7a52f28892bee696a578f7676212221fa9aaf0bec600d471dda5c46194ac80ff0010eb52707158b89aa7a1a76ee1b1d2b4d551a3015b07e958109653c1ad2b769580c29ab827d8891a2b1fa7f3a93671d2a0559b1feadaac456f34847ca47e15baa6df4336fcc4f2d71f747e5493298e0778e20f228caafa9ad0874b99b1935723d1f9f98935b2a12666ea2462427cc8559e250cc01231d0d4cb6e59815840fc2ba18b4b8d71915692d2351f7456aa82ea43abd8e7934e9243ca28cfb55b87461c6e15b6b1aa8e8053b815aaa714439b6508b4d8d31f28fcaada5ba2818029c5c0a634c077ad1222ec9000282c05556b81eb503dd7bd302f34a3d6a07b81eb59f25d7bd5792ebde802fc975ef55a4baebcd5079c9ef513484d3b08b325c93919aacd296ef4c24d21a61702d4dcf1485b8a8a499541e681123354125c05c8079aaf25c16381d2a3ef4ec2b8f662c724d20a4a55eb4c92414e1d29a2945031c2a414ca7678a007ad3fad461a9d400fa5a40694373408752f6a4a5ed4001a33c5251401a65b8a37518a36d031734e53c5331cd39beef5a00466c9a4a45079a56eb4c04349ba9fb78a632e4d003830a5ce6a3da69dd2801e696a2dd4fe71d2810bde8ed494b4009de94f0290b734d66c8a00052d3578a56cd0021eb476a1695ba50047eb49d28cf341cd00396665ebc8a992656e86a9b6734de4739345877348352e6a825c32e37735623995ba1a9b0ee4f4530352eea063ba5286a6f14520251253d66f7aafde8a00b8b37bd48b37bd50dc69c24a5619a2b37bd48b37bd66acd4f597de9580d212d3838ace137bd48b37bd1602f6451b41aa826f7a789bde95864a6156ec0d46f6713f551f95289853c4a3d68028c9a3db49d631f955397c3569203fbb1f956df9829430a07768e566f07dbb676f1522680d1ae09cfbd74fb81a38a9708be857b49773929b4195b3b49aa171e1a99c1c120fd2bbcda0d37629f4acdd183dd0d55923cce6f0fdf447ee16fa0aa12691aaa93e5c017be49c9af5a3129ec293ece9fdd1f954fd5a9762fdbc8f1b6d0f53c8dd1337f4a55d26fd48fdc3023dabd84dac7fdd1f9527d8e3fee0fca8fab52ec1ede47927f67dfe79833f514f1a65db7fcbb95af5636109392a3f2a516710fe007f0a7ec202f6efb1e5a9a1df4846d8ce3d48ad2b3f0f49090ec9ba4f522bd0c5b463f87f4a3ece9e8297d5e03f6d238bfecd98a15da79a7369b72c3a1fcabb3f213d07e54be52fa0a7f57813ed99e63a9785752d55c2990c712f44f5fad4117c389881be415eade5a8f4a36afa0ad153845592075a479b5bfc3af29c3099d5bd41eb5b56fe108e3189006f7c575f814bc5572c7b13ed25dcc187c376f1e3e51f955c8f488131841f9568ee149bc0a2c89726c812c6251c28fcaa45b741fc20529947ad34cc3d698893681d853b8aacd703d6a26b9f7a605cde29a651eb541ae7dea16baf7a2c06934e3d6a16b9f7ace6b9f7a85ae0fad1611a0f75ef503dd7bd516989ef51b484f7a76196dee7dea069cfad4058e7ad251615c7b487d6a3dd49499a602d373416a8d9c0079a0438b531a40a393504b7417ee9cd53795a43c934ec2b9664baea16ab33163c9a4ed49de9882a41d299de9e3a50216957ad26694500385385345385031f4e1d2a3a78e9400ea706a62d3b1cd003e969b4e53ce6801d4a29bba945021dbb9a3f4a303028e71401ab8c01484f27148cc68ed4c62af5a19a9074a616e68024ddc520c934de49a78f945000c702999e6876cd0a2801d9c0a675352718a4e00e94086a8e6a4351eee68dd400ff00ad19a66ea3b50026327ad3f68c50a2919b9c5002676e68ddc51d714639a00377348dd2970314d66e680138f4a1a940a6350030d21e6969b400c6e94cc9078269edd69869812a5d329f9b9ab31dcabf422b3cd44c4e7838a561dcdb0def4edd58c9772467939156a3be46c02706958773401a5aaeb28603914fdd486494537752e690051ba8cd1400ede697ccf7a8e8a009c4def4e137bd56a3268b0cb626f7a789fdea8e69771a5602f89fde9e27f7acef33de97cca2c06889fde9c27f7acdf37de9de77bd16034bcff7a5f3c7ad6679def4be77bd16034c4c3d6944c3d6b37cef7a3cef7a56034bce1eb4be70f5acdf3fde8f3fde8b01a5e70f5a3ce1eb59be7fbd1e7fbd16034bce1eb49e70f5acdf3cfad279fef4580d2338f5a0ce2b33ed1ef49f68f7a2c06979e3d69a6e07ad66f9fef49e7fbd160344dc7bd34dcfbd6699a9a663eb4ec3344dcfbd31ae7deb3ccb9ef4df328b08bcd71ef51b5c7bd532e6937734580b2d71ef4c698fad57cd253b012b4c7d6a3690fad36928014b1a4a292800a69a334ddd4085a4269a5aa2799547245004a5aa3690283c8aa925e75db54da7690f5a62b97a5bc5507073551e6693393c545d4d2d3b0ae03ad2f7a169d4c42f6a45a297b500277a72f4a4fc297a0a403a9474a4a5a0051d69c0d33bd2ad004829d8a677a7678a063c52eee6a307a54948072d3bbd33bd3c3714c05ed4eed4da5a0419e3ad2ae79cd1d28dd40cd5ef4d66e78a4cd0b4c053d2855e697b52678a0075216e69ab9634bb714007534fed4c1d283926800a33477a76de2801bc5048c5281cd06801bd4d2e3a734bd01a666810f2dc629a179cd03a51bf71e940c53d78a4a4e94b9a0419a6f7a7b74a676a00466e299de9f8ef4d3400d6eb4def4add734da006b533bd3da99dcd0035ba1a8cf5a90f4a61eb4088dba5478c9a91a9b4c016678feeb1fa5588b523c7982aa3734ca561dcd98ef23900c30a9d6407bd73bce7209a963b9963230c6958773a0ddef4bbab1e3d448fbe2ad477b1b8fbc290ee5fdd466abacca7b8a7871eb40c9a92a3dd4edd48075149b851400b494668a0028a4a2818b9f7a33499a33400bb8d1ba9292801dbbde8dc69b49400edd46ea6d1400bba8dd4d345002eea4dc6928a00375267de8a2800a4a2933400b486933499a005a4a4cd26ea0077e3494d2d4d2d4087e69bba985fdea36995472453025dd485aa9c97a8a3839aa726a0cd9da280351a40a39355e4bc45ef9acb69a490f24d27d68b0ae5a92f1989dbc540cccc7249a6f18a696c9c53101f98e053d46050a29475a6201d6968ef4bde80014eed494b40051450690077a00e6968a005ef4bdc1a4a2801fdb9a5a6034e140c75381e29b4a073400fc5286a6838a5ef401277a29b4eed4807eea5dc699f853d718a602e723a52519da6973408d3c70297b74a84c84374fcea40f9141429ebd297a0a4dded48724d310e0c314cdc734f0a3146067ad2001d28ed4b4d2dcd3014673d29198e714bbb03a520e99a000134a491da94114858645001d6860297b537bd00045205c0a5e7d29acc7d2810bdfa52f6a6ae68e6800ef49bb9a5f5a314009da985b9a79e94cdb400d6e829bd053fa9a8dbad0034d21a776a69a0061a63539a9bda8018d4d3d29e7a534f4340119a635494d3400c14c3d6a4c534d00348e29bdea4a6f6a005134887e563f9d4f1ea120c6706aad0050173493525e37022ac25e46d8c30ac43d683f5a2c3b9d1aca180c1a76fae71669139563f9d4cb7f32e3241a9b0ee6eefa5dd9ac75d4ce06e4fd6a55d4a26eb914582e69eea375515be89bf8c548b708dd187e740cb5ba8dd5584c0f714be68f5a00b19a37557f347ad2f99ef40136ea37543e60f5a3cc1eb40136ea4ddc545e60f5a3cc1eb4012eea37543e652799ef4809b7526ea8bcc1eb4df347ad3026dd46eaae6603b8a6b5c28fe21f9d0059ddcd37755437718fe21f9d44d7d18ef405cbfbbde937d6636a4a0700d40da9b1380b45857360c9ef51b4ca3a9158cd792b7734c323b75634ec1735def117bf355a4d4072141ace39cf534628b0ae597be918f150348ec79269bdfa53b1cd315c69e9d69a2a4c64526da400a283d69d4c6ceec6686342e7238149f7714f5181415c9a04281c528e9476a074a6014a28a2800f5a776a4ef4a69005028a2801696928a003ad2fb5149de801d9a5148297bd031dda954f2293b502900ff004e69e3a5307a50073d68024ef4a314da51cd003c74a3bd372696980fedd68a38a4ef401a9228c8a17a63146e2cdd29fd074a0000e29a5b9a036e146d1bbad002f51d6936f3d69c7029b9e69801c8ef48339e69dde818c64d001bb269d818a6f1466801768c75a0264f5a63371d6953710290121da075a66719a46ea69aa4938c5302453b8521eb47dd14d1d7ad002d36a4ed4c3f7871cd0210e714539a9b9e2801ac4e290f43467bd34b50003a1a6629fe94d6e9400cddcd21e9467028a008dbbf34d3d29cd8cf5a69fad0032918f14ec7348dd68023a6b53e987ad0021e949da971d29b9a004c5211c53b1c521e9400ded4629dda93a0a0069149f5a777a46eb400df6a297b518e6801b4d3d6a4ed4da04339c77a1770ee6958fb51c62818f591d7a311f8d1e6c9fdf3f9d33bfb5140120b9914fde268fb54b93f31a8bde8cfb501a937daa6fef51f6c9bd6a0cd2d017658fb64beb49f6e97d6ab370281da80b960df4beb49f6c97d6a06e9475e29681a929bb949ea691ae25c7de351f4a3b726980be7b9fe23484b1ee69368a33822801b839ea7f3a5da7d69dd681c1a006edc75a4da33d29f48578a004c53b8a41d2971400518a3e828cf340098e696968a003b5252d2f6a006d26d39a7f7a28013b75a5a46e47069146d1d68017bd2f6eb48738e29c3a5002738a55ce7a514b4803bd277a5efc525031dfa51de9bde9dda810b476a4a5340c2969b4e1408334a2931c514863fb528a6fa5385002f7a7669a2971ef400e0dc53b3ed4c1f2d3f3918a00706e29dc71c9a8f14ee78a602e297149bbda97f4a00d618a3e661c038f5a42c73c0a8da3724fce45031eca57bd2afca33491c7b01cb134127228014b668078a360c75a36f3c1a62171ef48d4335286e05000aa302838e697b633498a0066de73532fdda68c529c11400c66e2953a12450bb322959f9c0a006e0b352ed19a42db4526ecf7a007520193d68edef4aa3ad002375a4238a33c9e94d6e4d021ad4def4fa31df1400c6f94547daa46ebd2a36f4a000a8e066918e05186cd35fa50030fcd498a5a439a004634c614bde86e9400ced4869d8cd37b1a006fad37b9e2949e28a00693ce292948e734846475340076a281d283400948c37629474a4cf340098f7a294b73d2928010f5a38c5068cfb5301a40a36f1d697a8cf1476e94806eddb49de9dde971400c3d28c53b147e3400dc77a4e3d297b521eb40030e3ad376f3d6979cf4a5db40864876802950719a637ccd528e00a95ab2b6421cd1b70297b8a5aa10cfc29700d29e6936fe14007dda4a70eb41c7ad003452e0d285a28013bd18a5edd28cd00277a5a3228c8a0036f1401477a33400638a39cd23726940a402fd68a4fc28fa5300ef47e147e34bf8d0027634771cd0791d2907148077ad1da8f6a2800fc68ef4bda9281877a7537f1a5a005ef47349f851400eed45252d002d03ad277a51d4f1400be94e069bf8d2d201d9a556cd354f34ea007751474348a7de9d8cf7a007678a5ef4dedd6956980eed467149ba8a00d7dde946724734bc63a533764d318e27de85e4d181d68cf3c0a04236738c9a7aaf1d699eb4a58e31400a47346ec1a40303af3471400bf78d2e07ad2638a4dad9ce680173cf4a491be5031d694103b52328619cd00363eb9a19f9e0539578a42a280114eeea2a518c7419a11463a518009a006b726958700669a5b069ad96ea6802450aa33516f1b8e0539ba53760503d681064f5a4663814efc698c7278140c4ed4cef4f6e9daa3ee39a042fae2a263cd4adf2ad474011e0fad29f956978cd3643c8a004a69eb477a075a0043d2987a1a77734d61c8a006638a3b52d21e062801add281d282281d2800a4cd2f6a050033bd2328623ad3f151ee25b18a0075140eb4841cd00211476a5edd693f0a0036f4e6959578d99a4a39a004a3b507ad1da8013bd0578a3273d297f1a0067e140a752500277e68cd2f39a5db401185e694727d2976d22e72722900bb7af34d56e4d39ba5228e3a51d462f7e28a302945310dfc693a53b1d68c73d2801b9e28cd3bd7a51b4679a004fc28a5fa527b66800c6693bd2e2978a004e33474a00a5c50025148c39ea297180280063c1eb40e9d28a3b76a402336d02978e38348577114a4f3d28186ee3349d81a5ed463814085c74e68a5fa525030ed476e9451dbad020ed4b49cd1de81852f7a074a3b9a005a3bd1477a005ef476a4a3b5201dde9c0fb533bd381a005ef4ea4a5c8cd03169413483bd2f6a043b39a5ec2982973c50324dbc526eda7da99b9c11cf1526e0c3902988d53f2af073f8522a9519c53b8f5a5f4a060dd074cd340c1eb477269db491c9a621a0fcd8a7332e4000526d51d09a4dbcf5a0037eecd229dcd4a46d14b1e319a0019b14aa4e28dc739c0a3b9a005c0c8ce295bae31519dccdc53f950726900858e3a5355b27a50c4b0eb4ab8c5301dbb038a4cf3d281d695885ed40067039a17e66e9d299bb8a72e42d000dd4734c65cb0c934aaa4b649a46217383400836ee241cd2739ed8a770a879a62f22810c6258d2aae0d2370694671400d7cd308e0538e49269b21c003bd00331c9348c338e297b014376f61400d2476a631c03c53fa0a67273400deb4873c8a70e869adf30a006d358e4fd29ea3079a61ea68011be94bc629297b50037bd1c519e7a5140074ef4ddabbb7639f5a7639a693b48a00283d28ec690f4eb400a3a52719348a4e4d2f7e680139fad1da94e39c51da801b9cd28e9411c7145001d4534529a3ad001c7ad26de7ad28a4cf3400bda93bfa5147e34008cd8a683b80a56e8466851d290c6b750314fed48396c13fa51dfad240c3d38a5efd38a3f0a4ef54217f0a4cf6a5e33498ef9a0009a4ea475a5efd28ef48028a28efd69807e34879068da73d693907a50028181d7f3a5fca93b52d201aca18824e71da9474a4e73f8d3b6f1d6801bc52fa51b79ea73477a005fc693d68a3b9ce28186e1eb4039e828f97b8a3b5001473476a3b50007a52f6a4eb4739a402f7a4232452f6a4f4a0077a5251de8a005a293d68cf205002d2d277a3d2801c3a52d3475a70e9400aa78a70a60381cd3a818efce94703a537b1a5c9c0a00767da954f00d20a33b85003ba8a01dbda9b9c76e94edd91c8a047fffd9, '2023-04-15', 'user1');
INSERT INTO `post` (`Post_ID`, `Title`, `Description`, `Images`, `Posted_On`, `User_ID`) VALUES
('post10', 'Blueberry Muffins', 'Tender and moist muffins bursting with fresh blueberries.', 0xffd8ffe000104a46494600010101006000600000ffdb0043000c08090b09080c0b0a0b0e0d0c0e121e1412111112251b1c161e2c272e2e2b272b2a3137463b313442342a2b3d533e42484a4e4f4e2f3b565c554c5b464d4e4bffdb0043010d0e0e121012241414244b322b324b4b4b4b4b4b4b4b4b4b4b4b4b4b4b4b4b4b4b4b4b4b4b4b4b4b4b4b4b4b4b4b4b4b4b4b4b4b4b4b4b4b4b4b4b4b4b4b4b4bffc00011080314032003012200021101031101ffc4001f0000010501010101010100000000000000000102030405060708090a0bffc400b5100002010303020403050504040000017d01020300041105122131410613516107227114328191a1082342b1c11552d1f02433627282090a161718191a25262728292a3435363738393a434445464748494a535455565758595a636465666768696a737475767778797a838485868788898a92939495969798999aa2a3a4a5a6a7a8a9aab2b3b4b5b6b7b8b9bac2c3c4c5c6c7c8c9cad2d3d4d5d6d7d8d9dae1e2e3e4e5e6e7e8e9eaf1f2f3f4f5f6f7f8f9faffc4001f0100030101010101010101010000000000000102030405060708090a0bffc400b51100020102040403040705040400010277000102031104052131061241510761711322328108144291a1b1c109233352f0156272d10a162434e125f11718191a262728292a35363738393a434445464748494a535455565758595a636465666768696a737475767778797a82838485868788898a92939495969798999aa2a3a4a5a6a7a8a9aab2b3b4b5b6b7b8b9bac2c3c4c5c6c7c8c9cad2d3d4d5d6d7d8d9dae2e3e4e5e6e7e8e9eaf2f3f4f5f6f7f8f9faffda000c03010002110311003f00f55a28a2800a28a2800a28a2800a28a2800a28a2800a28a2800a28a2800a28a2800a28a2800a28a2800a28a2800a28a2800a28a2800a28a2800a28a2800a28a2800a28a2800a28a2800a28a2800a28a2800a28a2800a28a2800a28a2800a28a2800a28a2800a28a2800a28a2800a28a2800a28a2800a28a2800a28a2800a28a2800a28a2800a28a2800a28a2800a28a2800a28a2800a28a2800a28a2800a28a2800a28a2800a28a2800a28a2800a28a2800a28a2800a28a2800a28a2800a28a2800a28a2800a28a2800a28a2800a28a2800a28a2800a28a2800a28a2800a28a2800a28a2800a28a2800a28a2800a28a2800a28a2800a28a2800a28a2800a28a2800a28a2800a28a2800a28a2800a28a2800a28a2800a28a2800a28a2800a28a2800a28a2800a28a2800a28a2800a28a2800a28a2800a28a2800a28a2800a28a2800a28a2800a28a2800a28a2800a28a2800a28a2800a28a2800a28a2800a28a2800a28a2800a28a2800a28a2800a28a2800a28a2800a28a2800a28a2800a28a2800a28a2800a28a2800a28a2800a28a2800a28a2800a28a2800a28a2800a28a2800a28a2800a28a2800a28a2800a28a2800a28a2800a28a2800a28a2800a28a2800a28a2800a28a2800a28a2800a28a2800a28a2800a28a2800a28a2800a28a2800a28a2800a28a2800a28a2800a28a2800a28a2800a28a2800a28a2800a28a2800a28a2800a28a2800a28a2800a28a2800a28a2800a28a2800a28a2800a28a2800a28a2800a28a2800a28a2800a28a2800a28a2800a28a2800a28a2800a28a2800a28a2800a28a2800a28a2800a28a2800a28a2800a28a2800a28a2800a28a2800a28a2800a28a2800a28a2800a28a2800a28a2800a28a2800a28a2800a28a2800a28a2800a28a2800a28a2800a28a2800a28a2800a28a2800a28a2800a28a2800a28a2800a28a2800a28a2800a28a2800a28a2800a28a2800a28a2800a28a2800a28a2800a28a2800a28a2800a28a2800a28a2800a28a2800a28a2800a28a2800a28a2800a28a2800a28a2800a28a2800a28a2800a28a2800a28a2800a28a2800a28a2800a28a2800a28a2800a28a2800a28a2800a28a2800a28a2800a28a2800a28a2800a28a2800a28a2800a28a2800a28a2800a28a2800a28a2800a28a2800a28a2800a28a2800a28a2800a28a2800a28a2800a28a2800a28a2800a28a2800a28a2800a28a2800a28a2800a28a2800a28a2800a28a2800a28a2800a28a2800a28a2800a28a2800a28a2800a28a2800a28a2800a28a2800a28a2800a28a2800a28a2800a28a2800a28a2800a28a2800a28a2800a28a2800a28a2800a28a2800a28a2800a28a2800a28a2800a28a2800a28a2800a28a2800a28a2800a28a2800a28a2800a28a2800a28a2800a28a2800a28a2800a28a2800a28a280109c0cd37ccf6a737dd351526343f7fb51bfda9a7a5252b8ec3f7fb51bfda9a28a2e21dbfda8dfed4da28b80edfed46ff6a6d145c076ff006a37fb5368a2e03b7fb505f03a53691ba1a2e03bccf6a3cdf6a67a525170b1279bedfad1e6fb7eb51f7a4ef4aec7625f37dbf5a3cdf6fd6a33da8ed4eec2c49e6fb7eb49e6fb7eb4cee6928b85897cce3a51e67b5463a52d171d9126fe3a52799ed483a537b0a2ec4912799ed49e674e299dcd1dc52bb0b0ff0037dbf5a3ccf6a8e968bb0b21fe67b51e673d2a3ed4bde8bb0b21fe67b51e6fb7eb4cec2a196ea187fd648a0fa0e4d273e5576ca51bbb2459f33da8f37dbf5ace9353451948d9bdcf154e4d5e5607cb545f63c9ae5a98ea34f791ac70d3974377cce3a534dc20eaca3fe042b999aeee265c49237d01a62dbbb20dab8c9cd727f6aa93b538b66eb07fccce99afa04fbd2a0ff81544dab5aab01e6039ea476ac5f23a073c8ed49e48e40eb4a58eafd2286b0b4fab36ff00b56dbfbc7f2a865d7eca260aecc09ff64d62342e1b3d31d0543233602b29e3bfad66f33ab1f8a268b074df53a41add96e0a65da4faa9ab315dc730cc4cae3d8d71d3cd9418c061eb50aea0d6ee8e818313d57ad7443328b7664bc069ee9dd8939e94edded58fa66ac2e401329463d187435ab915e853ab1a91e68b386a537076921c5f1da93cdf6fd69ac734d3d0e7802b5b998ff3bfd9fd68129271b0f4cd717e23f170859adf4f6e870f28fe95ca4be21d43ef2de4b8ff007ab375527a1ac68c9ab9ebfe69cfdcfd697cdf6fd6bc8b4ff136a115c2bfdadd803d18e41af4dd2b508f52b28ee2323247cc07634e1539b414e9386a6879bedfad279dd7e5e9ef51e69bd8d5b6664fe6f38c7eb49e6f238ebef4c3f7bf2a43d47d695c0904d9cfcbfad22cf9fe1fd6a31d4d353a7e1fd68b813f9dfecfeb479bedfad45dff001a5a2e049e6fb7eb479bedfad474517024f37dbf5a3cdf6fd6a3a28b81279bedfad1e6fb7eb51d145c097ccf6a5dfed518edf4a5a2e03f7fb537cdff0067f5a4a61ea28b80f337fb3fad1e7ffb3fad447fa5253026f3f8cedfd697cee7eefeb507f09a70fbd4013f99ed4799ed4ca2810ff33da8f33da9945004aa72334b4d4fba29d4c028a28a0028a28a0028a28a0028a28a0028a28a0028a28a0028a28a0028a28a0028a28a0028a28a0046fba6a2a95bee9a8a931a14f4a4a53d292a4628a28145020a28a298051451400514514005237434b48dd0d2013d29297d2928630ef49de97bd277a0629ed476a0f6a3b5001dcd252f7349400a3a52d20e94b40c70e94dec29c3a537b0a0941dcd1dc51dcd55bbbf8ad8edfbf263ee8edf535139c60af265462e4ec8b350c9796f1e434ab91d71cd645ddfc922fcec154f441d2a9acb03314913fe043fc2bcfab8f8c5f2c7f13b61846d5e5f81b326aa98fdd26e1eac6a26d42e5b246d51ecb54238d0703763d4d4acfb4055ce07527bd61f58ab2d5bfb8d7d8d38e89133dc4b2a6d791b07b66a358d1413b71fad54373e5938c37f4a67dac9606b9658a8f5d4d9527d0bb26e7c0c165fcaabb06cfeec64e718c53a3bace370e3be0d598e4508486183cd45e159e8c5ac3a10c568c5833d5c550052eedcaaddc8e99a88ccb9e78c574c630a5f098b94a63db6a919ea7a5303a923820f734d66df8e304fa734d6505463231d79eb4dc9f41a5dc925c8c61720f7aaf3297c823f3a7ab06e40200e304d295050e31f5a96b9ba94bdd31e4b599c310bd3d4d47146c4e318fad6aba15f9b3cfaf6a8be4e4ba8de79c8e01f7ae5f6314f53a7da4ada09672187a83807a0aea6365923575e8c322b995650428255dba0c75ad0d3ef85baf95332ece79cf4af4f052f65ee37a1c1898b9ebd4d53df1dab9af1eea7269da26226daf3b6dcfb549ab78a61b3fdddac66694f424715cb5d5b6a7e2aba4175be3854f5c631f857a53ab148e5a74a4ddd9c54d7b21c8c9aae26918f735deffc2bd4424b5d337b62aa6a1e123649e644dbd17ae4631582ab4f63a3966f5b9cb4024c86c1aed3c17ac49a7dd88a4cf9129c303dab3ed6148df214337403ad5f8c01200adb4fa115aaee44969667a6641c639079cd37b1ae4acf569ed635532962380a5b8ab7ff00091cabc34711f5cf157ed17530f652e874a7ef7e5487a8fad7347c56dbb70b68d93d77114c7f16c9fc3649d7825cd1ed222f653ec74e3a9a6a74fc3fad72c7c5d2a37cd6f1053df24d245e3445942496caca7f8a373fd692a91074a6ba1d677fc696a969baa5aea6a4dbb10ebcb238c301ebee2aed689a7b10d35a30a28a298828a28a0028a28a0070edf4a5a41dbe94b4802987a8a7d30f514c069fe9494a7fa5253401fc269c3ef537f84d387dea00928a28a0028a28a00913ee8a75353ee8a75310514514005145140051451400514514005145140051451400514514005145140051451400514514008df74d4552b7dd3515263429e9494a7a52548c5145028a04145145300a28a2800a28a2800a46e869691ba1a4027a5252fa5250c61de93bd2f7a4ef40c53da8ed41ed476a003b9a4a5ee692801474a5a41d296818e1d29bd064f0050f22471b3bb055419627b573da96ae2650b09c460f4ee7eb5857af0a31bc8d28d19557645fbcd51137241cb1e37fa7d2b1247653b4927773cf34c4b9496568981694f231fc23dea19a59a060618c48ee792c7000f5af1ebd5955b73687ab4a8c69ab22f01fb91b864af1923f95491461d804500fad42b9922524966cf5ab50ee039e30715106a4fc825748618c46aefc022b366bb691b0bc8abf74ad2e513a77a6db5904f99d467b544a94ea4b960b408ce315796e548ace594e49001e6ac8d3f0846ee7dead36547ca0014a18f462093c7a62b4fab420b544baf296c50b6825f30ae30a3bfad680b7509dcf3d69fb4a938da4fb52f38c03927b0e73530a308df4b9329b90eda1005cfe06a0ba56c00a33c6463b54e14aed20673dbad29f9c92e7071ce2b59d3e68f2ec669d9dccef31908ce73ee6ac24a2500aae703073c52cd6f1bb02a724f1f3741518871b37118ee7d6b9a10ab4ddb746cdc648712ae3732e08ee78cd3170c072369f534e752e7686e3d69be40523392077079a728cdbd102b0e923030413efe86a2655279efeb5202fb82b0611fa05c8a9154330c1652395c5545736c82fca51df05a4464de521453c11d2a781ed6786396d9231130c82171f5a6cd64f70ce032b46ca5483dff0a82c2cd6c604b64cf96bd326b48c9c55ac53b4b5b95ee11e3bb49e33bd55b25180c15f406b5629e1947eed8a93d074fc2abccf0a8d88727b8ed515bedfb5281818e46e39cd0aadad06d36294399731a466380ac081eb5ccf8befd238e2b58a42431cc983dbd2b7a6046e691b000e462b8ff13284412a8de81b38c773eb5ac2f1a893324935a15602ac855721b1c8dd83f81ab56d70ea7648c02e7ae3a5635b4cf3ab043ba407845fbc7dc7b0abf6d2829bcc9c00786af49f918af33427ba1b8245c81d323822a396621e36d84ae39c9ef54e697ce753cf1d17bfd29f192ff3c8c51508c0f4a560b92cb2ca19084382338ea7e951c8e5002ce402791d3351c9a8a412968df2c0f031c62b2e7bf9aec6d6e7e6f4feb42bed60764694ba9410c6eb165893824f53551f5189c01b76fa9f4acd9a39486dd85dbd8546cbb70dcd3484e474fa2ea925acf1dcc2cfe627cc33d08f435ea965771ded9c37317dc954301e9ea2bc2ec2f4c6e1431018151c6483ec2bd8fc3b67341a1d9c770a639b66e643d573ce2ae926a4d18d7b3499af91fe4d191fe4d4420cff00152fd9ff00daadce6b12647f934647f9351fd9ff00daa3ecff00ed501624c8ff00269460d442100f273520a2e3b0a3ad2d20eb4b4802987a8a7d30f514c434ff004a4a53fd2929a00fe134e1f7a9bfc269c3ef50049451450014514500489f7453a9a9f7453a98828a28a0028a28a0028a28a0028a28a0028a28a0028a28a0028a28a0028a28a0028a28a0028a28a0046fba6a2a95bee9a8a931a14f4a4a53d292a4628a28145020a28a298051451400514514005237434b48dd0d2013d29297d2928630ef49de97bd277a0629ed476a0f6a3a0c9e00a003b9a4aa175aac7136d857cc3dcf4159f2dd4b76ff0039c0ec07415854c4463a2d59d14f0f396af446f79b18e0c8b9fad364b98631969547e35804220cee24fa540f2e632c0641e82b9658de5e86f1c227d45d57576bc95a1881f294fdd1d49f535556d7602ee79038152db43fbe6662bc8e5bfa536eaea2da103166cf2547005797393a979cb567a114a1684361349b68e0dc8b939f98be79cfbd5b654f3193ae7a0eb8aa904a170a46571d7a1cd5af330bb8707bf22b1f696f75bbb1493bdc9a38c0183bbf1ed5326766e0718e805400fcb9607693c1dd834bba478088caaf39dc7ad755392e873cae2c9216e524dafeb8acfd42f27b681e495cece81b81cd4f1cec1b688c97e87e9595e2ab459f4efb5be4fd90e54b12300f0703e9eb5db425a2e6309ad740d1c6a3a9917124c12dcf031d5bfcfad7430c60291f799462b1b45bb4bad320652a9b63c6d00f6abd1f984028cdf30c938ae7af5bdfe551348474dcb4182122301bb1a913cb1f789cfa0aa0c4a13f36477c54d1024658609ed5cb4eabe6b3468e3a6e5842467e61c9e33d69c3e6c824e3be4633519450c3e5ce7b1e29b9e7696c0231cd742f749b5c91db9db18393c73d3155a56656567c00382b4e6063c02e4e0e38a5b85b729839041ce1b39ffebd44ef25bd9951b2647e78dae554e14f4ef4f705e4ddb8ec6c755c62a10014c6e2547f08e3f3a7ec2d0931a95dbd01e6a6336d58b6922d1611ae0ed27d8f4a44de33938efcf71559dcc6aa5c6c2dd9f8a6a840c5f3c9e9bbfcf35a39ea4f26848ec1b70e73d7e5ed4d336577e32bd09e87eb5034d26e2136e40e8bd56944929cb08c8ee71ce6b07369eccd140af33379afbbeee32a40ea3fc69176ae778c1ed4fbe52eb1c814fd09c607715524db1300c4ec3d0d65521ef7344abe962d4d32bc3b15ce54e79ea6b1b53d93c0d1b1cabe73c64e6b43ed2a57c8821df29ee7bd569eca571bdcaa8c7dd5ef5bc39e76691836a2ce22d6e24b0bd1222e5d09c71dbbd5a59b959109dadd558e4d4ba9db200ec0ed6ec7d0d50b6b96b7554014b0ee4741f5af5e9d45257319c2de869b6a56ea595bcc03d71d0d57b9d4e4e123c118c0c75aad731a48aed084c2f193c1cd5583e4c7423af35ac55cce72e5762e084ba89267241e00f4a98c002f00283814c49e13d518484704f4352b48a23c30248f4a1b0e5ee45708031438dcbdea374f95416041152b480c6303ef7071e94e8c7cbb571b48e09ef40bae874ff0f61d36dcc93cd6c24bc539576e760f615e8297f6efcf99b7fdeaf26d22e1ec6ed6553950707e95d7add2c8a086073ef58d4af2a6edd1970a11a8afd4ec6096395498dc301d7152573fa2dc882628e42a38ebef5bea432820820f715d346a73c6ef7396b53f672b0b451487bd6a62140a28140c075a5a41d696810530f514fa61ea298869fe9494a7fa5253401fc269c3ef537f84d387dea00928a28a0028a28a00913ee8a75353ee8a75310514514005145140051451400514514005145140051451400514514005145140051451400514514008df74d4552b7dd3515263429e9494a7a52548c5145028a04145145300a28a2800a28a2800a46e869691ba1a4027a5252fa5250c61de93bd326b8860ff005b22afb77acdb8d65003e41503fbcddff0acaa55853f899ac294e7f0a34a69e3840f31c03e9deb1750bf694ecdc123ea1477fad5192e1ef1f782e7279229c238d46d5cee6ea4f5af3ea62a53f87447a14f0d1a7acb715a44de17219bdbb508596439e17b63b9a4112a642a95e793eb4e38dac7904f71d0573394b7674e9d05909dad8231d0f1496ca8c8303773dcd21282370ff32118635434a490099d895de4e158f2a3b715937af330b685eb80d8da142853d474aaccadf7f8cd25d89276882cac42364803863e94f94fcc72bb73dab8ea34df32348a6910e773f1c67819ab0bba06c96c927af6348004557936a2763d7f4a6ceeafcc6c0e7a21e09aa8d36f6dfa0a73fb8b12380c98e49e703b536e6f4c4a136a1cf5727a7d3dea84b73246844adb587f08ed58b7f76f217232c9b7e627a62bd5a785b3bc99c529dcd57d4e69662b6fb55719dc4f41542f756655f28cb2b31e1c93f29ac992e258edc2aee2b28cfcbd40fe95559d9177480312777a8aec8ab3f2336958eaecf5afb3db00442c8b90415039fa8aba9af292a442ac31fc0738fc2b87854b3ece3e619049e3e95a503a43216571938053d2a270837a971bd8edacef61bc8d7ca61bc72508c11563e518c125bd718ae2e19c798adc824f5cf207b56d5a6b2b2288ae18c6bf74331c1cd7354c3b5f0b1c65734dbccde48248033cfa5391c9c30ecb900f6a89d8cbf2eecb678c75150b4b21da5f381c03dc1ae197eed9d09732279a6625573f81ed50ac8ace0c8c1f9c6ec62833b32f3965db8008e84d566dedf790a60633b7158c9b6efb9a463d0999dd49611b28cf0c3907eb42bba9df13ba13d39eb508b99a0c28208ec694cc5c6e2a473dba66a1e9b1762c8825908f325263cf39e6ac49e4840638c7ca39e704fd2a95bdc88b233824f2b56647ce0ba6e20e7ffad5d34a51e5ba339277332ed66336124daa467705cf3e9576d659ad50995d4e396e70b5394f330e0b441b8182322abcf0489caba9038604739ad9f36fb87bb2d065dde331880883452300594fddf7a4920123119539edd697cddb9c821f208c0c67eb5218a5dfe6c518c852481ed58cd5de80d58a8d67224a1982f4e36b73492cb721f6794810608666e587a8a916425800af9c677134a24218f42718f5a98e25c744ac2f6317b990ff00bbba78e7b7dd6d20c13b7233dab175ed3e14e6ca329cff00ab0a58e6bb2b38bf76ec244eb8c3b64fe556821dc08d8141ea78fc6ba6956b59a2654d2763ca5ecf520d8fb2dcf1c9c44dfe14cf2668d499629531dd90803eb5ec2e51546e6233fed7155a40b70af1e55c370ca46e15dab15cbd0c3d8293b9e4f92141271e9ef53dbb891c2cafb00076b01debbfb9f0ce9339669acc239ef1315c7bf159f3f83ad9633f66bb922c0c20701be6f738e95aac541ad4cdd0927a6c72719fbb80598d4a325f9c2a8ee2ad49e16d5616e52293033f24839fa66b324335b3986e15e371fc0c306b4528cbe17721c5c7745c8d886196ef5d369c19ad125c07ed8cd7271ca78ee2ba8d01fccb560e085dfc1ae7c5454a06d87972c8d2b669829791bcb5f4addd1b56113795238688fa755f7acc10f9b1042cad5523b6fb1486524eccf18ae484a549a944e99c635534cf400430054820f208ef49eb5cfe8faaec015c930b1ffbe6ba00430dca4107a11debd7a5563563cd13c7ab4a54a5662d028a056a6603ad2d20eb4b4082987a8a7d30f514c434ff004a4a53fd2929a00fe134e1f7a9bfc269c3ef50049451450014514500489f7453a9a9f7453a98828a28a0028a28a0028a28a0028a28a0028a28a0028a28a0028a28a0028a28a0028a28a0028a28a0046fba6a2a95bee9a8a931a14f4a4a53d292a4628a29052d020a28a298051451400514514005237434b4d91952366760aaa3249ed480090abb9880a3924f6ae7f54d6f2a63b53853c6f0793fe150ea9a83dfe522ca5b2fe6dee6b294c52388c0c63dfad79589c54a4f929e9e7dfd0f530d85497354fb8ab2dccb9dcccc7238c9ab5696e268b76496eb8269eb6e39255707b9ab704288bf2e4e793b4570c296baea7a32a8ad65a1109c229454db514970e8cb83f37a54d701823295dac4f0587f4a6b421547998da4e064f344a127d451715b8e5997664310ff00a520998638e0763d29c2344556da436791d85430c4a995196e4e33eb584d495b5d4158b11c6675cff11f5a59232d1b285f99464303834e67558c29db83fdd3c8fad5295f7798cacd929b3e538e29b94168fb12949bd075b02c38c82bef493316c972738eb55f4779dadcfda43ac818f604e3b55a92da49addd46172718279a854e4f44393b4b533de527e6dd841c6f232147ae2aa5bea2b7523bdb65625c6d99f82c47703fbbef51de167736ca5d3702a5bfb814f27fa52c9ba15f28aaabe30a178e3eb5ec50a51a71f338eacdc98e9a720963c267f88f3ffd7acfb966c9690a8dbea306a499c881509cc8a32777419fe66aadccbbc47e4e4b10092e3a91c5745b53123b890bb801f1f2753d31e9513a0c163f311d7b52c8ef1c9e44a8a11f20f3d01f7aa041064d8fb71f757393f435518f6264fb8f6f311d49f9c7f09353096479065b381c63af1eb5598cbf2ab6d50464134f45db2649ce0e319eb54e37dc4a56d8d979d6531f94186eda5832feb565248a12c193cccf24380011df9eddeb262de182863bd5720eee31e9572da442ecd2165f948f507d3eb52d1499a3697f771dfc70a4f1490188b2363903d0fb8ab90b4e199a59de419e1080a0560c2d0c3731156dd101b9803ce7bd6e3f9925b3cd6f1fcec3e4df818af2f134df3b50d8efa525ca9b34e099659177e632461ce78e3be695b6091b136771ef9fceb174ebb64f2a2b993ce90becdaa41207d6b77c9883a82e33f4ebe9f4ac674a5076d0aba18484dc092c3a9247e5c511c0b72e4b86554e323001ab188e33be0e7b37cb8cfe27ad12ce51f2b9c8c9c8c60545b97e2609b7b0a2c60854b2967eca0e07349b82c5feb0281c61bab526c668f7330c3f500f41558bc492bb07386c615ce31f8539b4ba58229bdddcb257cccaa632707029f3c8e881491b4e3704ebf5aae0465b7c4c4328c920ff004a512ab9629b8332e776739f7a232ddf70711b24a6462148538e3031c7f4aa4b6b776d6a5c5d35cbb39663c8e31d3ad5f8d24976fce491db3c63d4d3f2d0c4a0a2ed39c814e2ef7e7dbb84dd968619b90c064919f5a922134d22a40097ed8a8751b608c5e224a67f2accfb5b2b14f31bdb071531a69ec3ba674f1a02774ad8707191dfe9575a445c127240f9540e78ed5896cd2342a771218753d29cb78d073b9baf55ed59c24e2ca71e6ea6bdd3654970368c67ebdaa0b588925d13e63ce05450ea16b3a90d92ebd33c66945ea86f90158cf04f41f856ee716eec23195ac91a22395bee004af2475c0a52aa7ef31dcd51c73223ab071b19470318fae454e4c470dcb02715bc5c65b183ba206451f2c8a41ec4f155750d26cb528c2dc408e547cac7861f8d5b9ae22de63c392ddc0ce3fc294466443c0381d33d69ad1fba0f6d4e3af7c12d1c5e658dd166cfdc93a63ea2b4b4dd3ee6d2de38242bb97fbbd1bf1adc57543b1b209e08ff00ebd2cd32ae0150ca7a62b4955e65ef10a167ee94e222276429873534c16584a952148e41a995237018a0e9914ae8c570ab902a56c3bea675aab45298c9f908e2b52cafe7b6e1794cfdd6ef59f7306f5c8cab67823b52d92ce8856e195f9e08ed4a9b953969b1534aa4753a9b4d460ba5e1b637756ab639191c8ae4db9009c0f4a72eb06c2312072501e41e457a30af7b5cf3e787b6c7563ad2d53d37508750844911c36395ab95d29a6ae8e469a76614c3d453e987a8aa2469fe9494a7fa5253401fc269c3ef537f84d387dea00928a28a0028a28a00913ee8a75353ee8a75310514514005145140051451400514514005145140051451400514514005145140051451400514514008df74d4552b7dd3515263429e9494a7a52548c314628a2800c518a28a00314628a2800c518a28a004ef585ad5e8b8616911cc63efb0e84fa54faadf9de6de1ce3a332f7f6accca2a91c6e1dbd2b87115d34e113bb0f42cd4e44691201b39c1ebe94c86c92dd89cee63d09eb524932eed8ae09039f6a5dcf0ba831060475f4af3db89e8fbc2a124900edc7a8a8a6b986d46d32af9b9ec73f8534c726fdd918edcd64dc9617440efcd64eab8e9634853527b9a5f689267df227dd38ce7f5a7496f1cf791c848df17426a8c1b84be6632f8e33d054935d22b1500161c1e381583a8fa6acb70d6c8baecaacc24239e8475a6432c5231f2ce53f881ea0d6734ec33d7f0eb4d898c9c9047af349c9bd6c3f6692dcbd74fb5be521bd71d054580c548031dfd4d35e305963071fde26af48238b685656da39ed9a9505ab666e56564512268ee15a39710e30f1919cfb83daaede4e12d2568892f8c27b9a6dc491a8dec54f3feac0e07e35435098dd3067da88a321474ade8c9f328afe918cf557650951617c392c02ede99627d33f5c9a81ee7cc80c44653182ec7229a2e0bcc1559989c903dfd6a36f956e0b13b57e51b3f8bd8d7b3a7538f5239a39446aee8c2263d18e486c707fc2a0491a48c246fcc60e0301c7ae2976c8c8e65dc30395232073d0fe94c08ce8498caa60b1db8c8f7357ea4fa10aaa99c3b169403f293fc5f87a52c9123c458edcb67605193fe34e84a86b76329ddd0a85ce076a7341105531b8328e49c63f0aa6f5125a156dd936aee5dd20180ac323e829c110624501762e4a9fe23f876a9b31a65812819395079cf6fc2a3641b5460861c32d3b8ac481f0eccaa3e7e41193b69526da558b6514e5d5bb0f5a8e4948650929d8060123181e9ef479eb1c3e62aef00ed8f70c83eb9fe552ca43ed2746ba5644e32db89feeff009e2ba0b69da741190862806fe3b7b7be6b96b77255599401f7738e00cd74506a314567145045f320c3301c67fcf7ae0c4df9ae8eca2ad04695bfd973e7c11a3171c32e0e0ff3ab0b2e50e48560707d4d655a3bb210bb1327f8570455c5392a1998b74e3a579b5356752469c170a51631b483f883ee6a666880658c2e48ea1700fb9aa91cb1aa6220067af03f4a77985f2115d98f7229fb4b2b5ee4726b72193e40db1958e368eb8c5062858127873d096e9567ec733804b81b79c0e3151ada29405b71cf24138229aa532f9e3dc8d6340e7e7c30f6c026a78e4f336abe4229e703071fe14e86d62e5995cb632377181f855a16d0946c654edfef67f9d38d39742275175219e45fbad9d8c7000a8a7b9042800955ea7ad413fee03c61cef0c38ec54f73483cc65db93b3b8eb8fc2a1c9c9bb9124ac2cf1f9f1860cbd70571d3deb10e901af599c1f281c85e99add1b564d8ec4a6323155ee99c06d8db481c67923e95aa76d519263628864c6ad84cfddfe950c91156391ffd6a9a13b63cb3177239cf527d6a091f60f99b001e959c9ae86b16c87ca04f00629246644214807e99a5872586ee467152ca060719149bb3d4de3224b29195b7962a4f1b48cf18fe5572df53f2c98e5200520871ce07a1aa29bd6305c13c743d69c2df702530cc464ae3a0a49b52d0b928cbe22f497f6ececb192c08e588c034e88ac2ac77ba82a39ce706b3fec41e10e8e1ceec18c7a7d6a76b0608cdb97690064f41e82b54e6f6d510e305a5cba5f2576bf9831c15e40a44d9272bc3753cf06abc624b7b52b2aa093d6339c902a18a478a5c2924b73f9f6ab73b349a33e4dec5f0d2a924a9e78eb8153097e51d7cc1d45548af4070923601fef7f8d2dc9d81658f2e075db5a296ed7dc6728f463e59b63820e41eb48b2317c22e723d6a94b34936046b918eb56a1704050183f651d0d38c9dfc81c7425c92a588f997a8aa2f6fe76e64c8dff791aaf90f1e581c9ef9aa9f682ca5c0fbbe95b2b19ea5bd06e92c2e42c80aae31f4aeba295265dd1b865f515c3dbcd15c6091f37ad69e9fa82584a0337c8e70457551aaa3e871d7a5cdaadce9dbee9a69ea3e9485d5e20c872add0d29ea3e95de8e11a7fa52529fe951dc4f15b42d2cf22c71a8e59a9887ff0009a70fbd5cd4de32b2490a45149227f7ba67e95a3a66bd67a8481118c721e8addff1a8538b7b96e124af63628a28ab2028a28a00913ee8a75353ee8a75310514514005145140051451400514514005145140051451400514514005145140051451400514514008df74d4552b7dd350e4526343b34669b91eb4647ad48c7668cd3723d68c8f5a007668cd3723d68c8f5a007668cd3723d68c8f5a00766b2f56d5040df6689bf7cc3e623f847f8d5cbcb95b5b6798e095e83d4f6ae3a66334acde665d8e58fad7262ab382518eecebc2d1551f34b645b5240262e589e9ef4b1dbc9230323aeeef83d6a0b7dc8a5b208cf53d49a9865a32fbc29cf635e636b768f4ecd6c46f004625012ddc0a7a8c03bc919e706a262dbc040dee73fd29cd197006e279e39c1ac6c96c8b7e64cc807cdd06327d2b2647825b9061f9828c123a1ab57973fd9f192cca4b0c2231cee3f4f4acfd3f0082578ea7159d5775b58ba6ad764b745d7057e50de955b1dc76e3eb5ab7902b81c8150fd9c6046c361ea38eb52e2d3b0d54d0abb1958e3923b5491248ac7239eb8a7ca50e5941ce70076e29d1334a5477e307bd4b4b621cd8e0a4619815c0efd0d529b50cbb44a0641c1c8efed52b99ede4204a591c723b11566d4a34aceb12bc6e014953938ef9ab8c137a88aafa7ddb31c8418efbf20d67eb03ecc553cc724a1dcaa47e1f8574ef280a55061538619e149e9c5713afcec9777464d8589dcbb460003fcf4aefc3d38f3e861564f9485ae620d1c380d1c782d8f5ff00eb5485f62a452a10849f981ebcf1fa1acd8e4793e67c6e2739c003f1a924773b964c7cc7839eb5dee272a64b348db76b48cc0f39cf39f51f854207cdb7713b8e3e5382de99a5790b16590966da31b463a521915914a31320cee7239c62a9315ae4927c8e91a6e31a8ce1863eb51098961904fd7fa7a5066591b729da71c807271516f03631c65867d850bcc4fc899e4323947505c0014a8eff00d698d201e619c6e7c8ea3a1ef5117026ca48c3cbe50af5cfd691e5de434ac724f3b8f5f7fad301e652cc189c3edc37b0a482eb0c15157cbce0061cfd7eb50cc9ba4d90962a79f9860d4b6fa74b3ce8cac372e338fe1ace528a5ab358424ddec5ed399a4630c66347e9b5c139fa5695be8f3bb1db228555e4e319a9f49d361b5767de5e490fde03017d4015d12c682309e614ce36e319207f9e95e7ceac1cac8ea57899da6e98c0179be61d1547f3ad2934c8a288050ccdd8eefe82a58240b16f38c1efd0fd314d8e5f32670c4051d8035873c2d67b8fde6ee396cade24de9c861c96fe7446f1229588310bc960786a8c22094ec1bb904907a53259550e2352cc5b8f4acdce295d2d4a516f465913349f2aba80381c75a36948d030ce0e09e39aa4f2b04192acc0fce3a548d72ad8dc81d860e00e3142ad75ef0fd9be85990ab4a2484fce09048e430fa0a247889009218fde1c0cff00854293125fcb42154642e0614ff85574b8cb32ba4664cf5c714dd45d3a8283fb8b2f1f9b20e36950464f2314c45718c811b7a62992b885371e40e833d2a55904ca701b76df4feb4b9975265076ba11a20f9c81fcaa8dc6221c9e338c62b476a88814e98e4d51b8412c2e9db1c13ebd854ce5b5ba90a25079f0095e955e772e4900e47527ad5286e5ccb2c4ea63752411d706a5f346cdaa599fd4f4ad3d9f2b2d166c0a4971b64c803afbd5f11b6d043055dc4803a1a834e48955fccf99c8c93531904519ddd31ebfa5454db41a96a24936d8f81c9fe234fb42a936f6ca8553923a93e82abcdf3aa951c10307ebdeaca5aa858d95cf4cb023a1ff000acf6d4d93bab17638523264318191bb0bc723d69924e1769512ee7c8da4e403ed55e37218a3336d0777b1a6c9228dcc032f19c1e3354a6fa072bbea231237372abfc59e41a458998331e580eabc9145bde79a0ab6d2edd801c7ad4852648105b5c2bc64f27bae7b66ad2482575a3d08f6388834aa4a75c9edff00d7a96399a3814f460c3e46fe86a4f34bb2a16eb9e71c1c7f5f7a9010b12e026474cb723eb5bc63196a8c6526b723d89e6168d8ae4e48a92303037285c9cf15580f277857c8cf19ea0fa66a19aee70b8e171c1e3a55ddc56a88b5f62cde5cec4c21f94f6269968046808f97dbb5653319ae510c859339191fad6ba850532c7dcd553dee392b2b169111bf81413dc0a8af6dc985d939e38f6a72b3ed6c2903dfa8a955c36c61835a2927b9934d1574ad62fa08c45e6467d9c66b513c4576adfbe862c0ee2b0b54b67626e2d9482a7ee8ef556d2fcb39595947fb2d5db0a89ad19c73a5adec7532f8ae2f28f970132e3804f15caeaf7579a9b6fb89f2b9e147007e1534fb11b3b55411c7bd509863a1018f634e526f49046115ac460510c614104fad113bc277825707208a86691b6e580c7b53a2659a3daee47a52436ee7a6e837e750d2e19d8e5f1b5bea2b4335cef8250c7a3b64820c8715d06efa57547548e192b3b0ecd19a6eefa51bbe95422c47f7053e9917318a7d310514514005145140051451400514514005145140051451400514514005145140051451400514514008df74d474f7fba6a3cd26342d1499a334805a293346680168a4cd19a005a6c8ca8859c8551c9269735cd6adaa89e73146dfba4e83fbc7d6b2ab55525766b4a93a92b223d5b50fb66ec64429f747afb9acc8406c303cb0a9502dcc52c4e7048e7dbe955c8fb3c4361c85e067a9af1ea54e797333d8a70508f2a2d1952207e6076f51e8284b95318570a15cfddef54bcc66e178638ed4b710b5d5c010154f9403bb8dbeb5cca6dec6fcaba973cc8db2a4e580e36f6aaf77e5b5bb317c943d8e3069b1d83d8b19639386eecdc7eb51dda6f8989208c6306a27cc9ea38b57d199172fe6dc0c6781c64d6ad8a81006cf3d2a849a7bdba472b10dbbafb5685ab6c40181c819181d6955f86c8b94aeb434640c0103923b5466503058e71e86a1695ddf6b138c5300652171f31acdc9b77306ac48ce3682ff002803eeedeb4f9e346819625f2e571f7c8ceda4b777472b3223247d37763ea2ac64bca1e31b8fae7a1ae88a7744a46024c0452c5bc99dc9192393e9f4adeb132cb67196f29595704272abf4ac5bdd2775f078266856404c831f316ce739ec2b5ac205b450aa84c4c3872dcfff00aeba5c61ba7bee1af5165b88772867489978048e4fb1fcab89d4a38bed854a798d92c5941e7debbab9dc63122aa92ad924f39cf6ac2d4f44fb41337cc8c149017233fe7d2aa9cdc25764ca2a4adb1c919edd415d8ea33c146ce3dc834ae57762372fb40c6462b4c6824121a420480ee2474c1a6ddd86d5558bca3b1b3b09fbbf4aebf6f030f632333ce2aca48209e383d68c4a4e501538e01ee2ac35b4ad200226cfa96c0ffeb55674ba819643130656c8ddc8354aa264fb363a38f9c1609c11d734fdb046e564632f1c1ce3f2c53644b9dc08b78c39e79393f95245617457e6014e41daa334dce3d58953937a218d210088404c8e58f5a8b2c6446760f8ef5abfd8535cbef0c5236e9baadc3e1f54c3485ca062a597a0fad66eb451aaa5dd99ba75ab4cc5981da3927fc2b7347b18cccee70507dd3d08156acad9142c4ac5a307ee91c015a89012db955149f4ef5c73a97d7a1beda22488c6b80814ab0e411d7fc2930b201b154927ae4d4b1a26ef2e3cb055f99b239fc29f1ce22849603cccf185ce7e95cf37196fb0e29ad8852d82ccce30a5d70c077c7f5a96d7b852d93c648e00a92376525fcae3ae09fd69772b7dd564ea36a9c73438dda687cdd084c881bae0fafaff00f5e9259370632aa32a0e360ea6a2937800b465b9ce5b81f4aae892dc33858f208e7b0c9ac39a527635515b82b9607000c9e3be2a7489420325c2ab31c06c641f5a64769b0fef1d55c718639c0a97ecad29049e0f064638aa8c2dd07292e8c6828d23ac4eca17ab81807fc6a3c0e10151fc44375352dfdbba5bec8646dbd0151c0fa7ad5358cc3b44de6727e6ddce29b859045dcb775729e567cb0afb8023d29cd2a155583238e4b0ff003c557788244f2aee0474cfa52420e1588de71918e41a89b93d18ed1b685d898ba6d2f8239c766a8240c413bba0e17da9d049b21c9c6d3fdeff0039c5067c2f9676b6e392718a96b457306b57631eeb4f6b8b832dba6641f7813824559d3f46490b497042819fbadf77eb5723189d8210ca3a1f5abb1b99176290a4f520703eb5d745a9257309c9ad8c7b8416726540703a0f51599752c92cc49392c4055cf009ed5d4cba7c4f28f366f97e9d69a34fb54909b68c01fde6196fc33d05354f95b6c71a8665b58488882720b631c3703daaeba8857cadc485ef569ad9638c96390bc01552678d23f9ba0eb9e09ac2ab5b1a424db28cc4f9a1a3248c7ae3351338670c873c72b9e829d2b87ddb400bebe95141016718c1c1c9c7503d6a22b43b54b4235c433b3ae1771c9e38abe26d96c8b0c857736ee9d07bd25c5bc2159c6248d080648c1cb7e14183cb232eec98fbc9ce3d88ad537d08934ec49136f46ddd0b6371e037f854f6e4a82a36301ff2cc633f4cf7aa52c7b13e444292f40c49c7b558b7448d0a49118e5ebbf19c7ff5eb48a68c64932ce23242328395200cd675cda9046637909ec3fad5f77f363dcbb165520e718e47f2cd4a32e55b68248e181e0d6d197368cc9ae5d4c4b4b47425de2c39181cf415ad0a105707040e87a13569e30070df39f41c5458f98061c6307deb4492d09726c8e7d9228ccccb203d3d29bb99250bc6d1d7068962db1e1738cf19e76d46eae8d95009fa75a97bdc6891a4ca9f33e5e78ac3d7ac663119a000ede5801c91ea2b6e46568896009ef9a8e42157cb63904700f1c55c67caee8971e656399b3ba926544dd9c7af5ab576a57efedc819dc2a934490dd4fb09564391ef533dc0921fbd92460835d8d26ae8e5d54acc81cb003d08a80966214719a79cfcaac73e94202d2286e3069a25a3d53c336fe46876ab8e4ae4d6a63daaae9c0269f6cb903118ab1b87a8aeb8ec70bdc763da8c7b53770f5146e1ea2988b517fab14fa643cc629f4c414514500145145001451450014514500145145001451450014514500145145001451450014514500364fba6a2e7fc9a964fba6a1cd4b1a179ff00268e7fc9a4cd19a402f3fe4d1cff0093499a33400bcff93473fe4d2668cd00437c24367388ce1f61c62b8198e5894e18706bd141e7ff00ad5c26a56a20beba19c0dfd2bcfc6c2f691e860a766e267dbdecb0ce158828dc6eef562e3cd684382729c920feb5564b71247e616200fd6923b848d8c6e4b31e09edf4ae185373f751e84e6a3a8a927c838f979279c54c300933c9e5a67f84f27d85473a870176803d718c551ba60de6c5e5e14019563c8fc6b67838ee9992c4bec47757d25eeb1142ff0034310fddc7bbe527d4fad74562de640239a169164272f9c6d35cc5bda467262763b483b9bef0e79fc055b9750bab1b86b6120dcb80581e083d307d3dea274dc5ad0d5494d5a268ddbfcd24058910fddddc525bccdb720723839aa8d79f69411b2876ea2561f30f6a9e29368da1403d09ce6b86512efa175026f5762738191e82ae03099d9d57e5c70187de3ed54ed635724b12cc78381deae4b279636b054c0c0dc393445f2ea64d733b01cae08c1c772bc7d4d21555c829b49f4231f85430de05224763c93b88e734e137984fca00070011cff9156a699af238e82c8c58e640081f2e73d684dacea641953d2a331a89774842824921790edf85493c2047bc6f472403839e7b534e5ab43d361657032646cecfba738cfb542aad2aec0e4a9ea49e3e948165e0c8039f403a54ea1ddf8408cabc61b068bea0d5915de0919be7652bd063b8aa175a25bca4152ea73c8c907eb5b3e4954decec48ff0067fa5519ddda50cce5c1e993c9aa94dc7a0a3aecca71699e405042b8eae18f03d32695f4c0d0a898ec00fcae31d3fcf7a77da27194c00a4f24af6f6a9238e5936bb461500fe33c9a7ed06e0fab2330d9da86f29537b2f24fcc40f7351f991a90d0c0d81ef8c9f5157630039caa07e38cf5f4a74e8e2401c011e382bc7f2a1cdb57128ab94e0916388bbed4249183cfe26a7976b2af9591cf000e0fbfd6ad5bdb8cac8806dfef05cd48d681d84a70c7760f38e3d68bbb680ed72bc01c9c88fcb9946307f8854ca24965037aa82307ff00af5663b66185c07c9241c7f3a735b189d4bc60e7839e82a65194ac4a6ae20b7548d5b71f9c74e84511e5495f2b257b83c7d6a505c92b82101c6695d5b7658938e983d6ab957d9d09bf718f249b36150038f98f5c5447cfda837e47607b7d2a6ced62cca79e9c7f3a8d2372ecf217c0e176f2a6869b7a0d590796d248199fcc61d63e99a793107ce1236f66cf151cb70229882e48500b6d5e83d2a0b8ba8250abf28f564e833fce94aa257ee3516cb13496aecbb8ab3a9c7c871b69ad72d2ab2aa131852ca3a0eb50dac76a5328ea4edfbdd8f3fce9ca89b4b02ac338c67233fd69ddcf5d351d92d08e276b78b792aea3b13f31f5c0ed4ef3038cb464ef6079c3639e80fad36f537485919902a64b1c0cd548d9e305f18dabd3f952bb8e9d0b494b5ea5fba7630e1631c0e3fd9acb59e432b460600e40f7ef4b248d395936ed07e56084e18fd2a16858665dc48eb90791fe35949733b94972ab1785d1014c2a1372e1b03247f8523078d1723e53f76a89946d0aae49f507814b05cbf9842e403d54f22a1c5b445ac5e53952bb4e3aa9e98fad6844488f6b9c03dcfad63c7288cb193e653c60b63f11f4a9e2bbda85724a9ec7834e2f97531a8b53617ca5ff005b904e3a0a7492eeff0055b4a8ee6b37edecdf2f9a4fa7cb81f4ab564c5a2c9e55c9f940ce315719ca72e5326acae433e4aaf5c677673d7dcd66dc33331c139cf4ad0bf629bf7f09e99e9599f6f8237f9e361bba30e83dea63466e46aa69222958c68f93b5871b4739ab1668f1282d9058641c74f6a649736e0070ca58364291dea17bd9242590b170bd09e7f0ad3d9cecf466d19a7a5cb85828dca48527819ebf5c54bbcccbe6348622a78655e0d665a5daa9fde90a7a0c739f5e6ae2c82377303ed0464303fa63d6a52712d96242908e72c4f20b7cdfa5352e76b9f2d98211c67d6a0762d2ee92467049219fb9fa536429ce3225f4032a053d6fb93645d4b99880caf861c7ca06483eb4e867c7c9b7dcb6320d548e180ae705a43efd455a89c20232817180b9e9f8d11dfe22656b6c48d70800c8008e873cfd69c2457dc11812dce49ac8fb396b8de263873c64f5f6ad0db8b574c280c33f435b465264ca3145878dc63e6520718aa443a4859327271d7201a74723c73ed6061031c039fc79a95be666751ca9f987afff005e88cd4f46acc4e3ca47b98a9e46579c6291dbcc41f2e4ff000fb5327d9bcb316008c6e1fc3526580462bbb68ed5aa56643dae73de2087c961791820b7cb20edf5acb8e65f358ba9d8e38f635d85c5bc7731346e37c6e307dab8fbe85ec2e8dbca329fc0dea2bb68cf9972b39aac6cee29ca1c139f4a9ad79914b7ad57b76f377211c8ab168099514faf7ad1995cf5eb139b2b721860c62a7e7fbc2a2b35db67000a388c54d83fdd15d6b63804e7fbc28e7fbc29707fba28c1fee8a00b10ff00ab1ce6a4a643feac718a7d50828a28a0028a28a0028a28a0028a28a0028a28a0028a28a0028a28a0028a28a0028a28a0028a28a006bfdd3517e352bfdd3517f9eb52c683f1a3f1a3fcf5a3fcf5a430fc68fc68ff003d68ff003d6800fc68fc68ff003d68ff003d68021bcb94b3b7695cf4e147a9ae16f6e0bdc3b3f2ce7e6adcf13dcee99205c9110cb7d4d7297930dd8623e63d7d2bcbc555e6972f447a984a568f375624d204b53b4e0af007bd5053f364925b393c558b921446abc9ea4d40df70f3cfad69878f2c055a5791724983aab48c4a927217d6a94b2b471a2198bc6bca8271b49e7918a982335b15570064363d7daa85c480ee59410e580c0e9ffd7ad919df42448cc714d3bcdb76f0801c17cff9ef51ea931ba8ec6ed07223f29c7a1078fd2a392169ee595101f9b080e4e0e7afd2a5641e6cd6f7092c25d83a650fca7f0eb9a971bab96a7cb2d0b16932cb1b23ed462061f34c8e7920bcdcc44833b78ee2a824a16668a468f7f65ee455fb3bd8bcc5db82c3901bad704a9b8df43ab9d33a68645da9b5971d700f4fad59b857bb05d154aa8c63b8ac3875388dc247e5280c7e690371f851a4eb0f21911f71218952bc60678ae6e5934eeb4082b3d372cf96f2b36d8f3b474ec48f6fe956d0ca2142300a86dc0100fd6a2176640550a89f3920f07ffaf44f0cd206910642e01ddc1069285be1d4e9726f463a7758c88dbe79319c8e4629167eae76aae31b4375fad5796e836229b11edfe3ce0a8fa8eb5696de17b746504af40c472d50e1cdaa0ba8ad47c53e0bee2ca481d3904537cff35f08413fde1c67eb54ae51da4544627006ecb640a9ac91958b0551c01873f74d4f2bdae1a5ae2e403bcfcc4938c1278ab51344db580440870b9f5a6a456a8c4921ce7e6c9e3f0a93cc8ca8058283cb63a01e94d7b9d44ddc1628e42a76e428e7031baa430f9b92ca3e61f2aa8e9f8d44f2bcc36a0db10e8cdc16f6a9231233796642549ce7d315719eb625a647f6411ed76891016e5579c53be56725a23f363601ce47a9a990051be40ea58f2aa7a9f7a5dd0aae0b11b7a63a8ad1a57b8aec81e710e4005507f0fb7d2a48eed1d40da3d42ff8d3546fda3cb774c1c6f1919f5cd36e3ca8b00c203e39c563cd2dee5593d2da96ede7660c429c83ce0f1f4a63cc50e24c9048cc6464fd6a88ba01b6a65540c61b914c426660a5896c9c1ef8a3da36925b87b3b3bb340bb819f33e4c9c60669ad704c91a80e5b3f77d78ef550878c2e1805078c7ad2dd3ac8c92b161b7031cf27f0a7cc1c88b725d3ecda08f4c0ec6aa1bbd9188d9ce771cb2ae4fd2a2ba9ae6109280abbdbe500722a26865925cbab073cb296cef3eb54f9a4f71c629210091dd8f5c9e1b3d4fa546d60f2811060189e31db3daaf2ed3b76804af38c743ed8a90c7194608725c6d909fe1cfa1a6a9db51ba8ccc9f4d9a050f6f348e13870a7a7bd58dd24fb7968635194f378c9ed8ad085fc98d0b348a767cab2f0476a660b380ebe6249c640c81efcf4a738ad2c2551f533882ce04ca36a8073bb3f355b8dbed0a63450a8e3e62694ac312f1129c92324546d2c100cc51b48ea32473cff854d92d2e3bf36c87c3079314b1b3ab87ca7cab86fad27d9e1302471c8783f748ce7f1a433b28591d397195c1aae2f32370c2e392054393e882ce452d42d1ed879a08f24b614e7927154ccdd1b6e48ef9eb5ad327dbe37f323ce065496c01fe14d8a38a364531464a8c861ebf5ef56a6ada90d328adc06e14f1d70d53c5307eb20c819ce7a62a496ca6bcb892691e2880fbaa08ce077c566cac9b9e3240727e62c3a8f6aae552d8c5b345a745c04c4b231e147f8d6bc7731dac08935c428d8391bb91eb5cec08c073b0741b98f151cf323b08e3f9d57237ff0078d5d3a32bfba6729263b51d5de70f825406c4480f6f53df3ef5512f18c4f0b471b371c7f87bd457004cc59c28db9e4542d0057dcc72483c835e946092b19396a114b297e08c77f414f92490b2b34ad9ff0064e38a53cc4044dc8e70075fad395465429fbcb839ee3e95a6846a3177e490495e7ef648a9e39ca32ee90a63b31e3e950123722e406e46eeff005a57183b7b1e406e959ce1196e690a9286ccb8f7d3b6564e54718e84d581788cc532a5db8033ce2b2f7aed58e5e307e5e7a50b13202540c1ee3a571ce8247642aa97a9b3e734431232f033f2f240a904c2452a980a47ca4e464f7acb58e50a37b8c1e9ce69d0c8f95694f087e500f43583a68d6fa1b16d346705f0bfdd07d454a8444e0b1273ce339acf9265406691932ed904e31518be1390f1ce9bd060827a8f6a4a3a6c4d9b66a25c24ad2e186e5ee7b7e14e0648e66756ca30072477aa0936db53bd0005b961d49ab36776cca08f94e7033d08a97e636b4d0bc50b7cb8049e4d42e1954ab1c05e540e3f234cfb52974223ddb89ce38e3ffad56d1964ddb48643ce3fc2ba22d4b430926b52318246d23681daabea5696f7d6ef1c806e51946c720d4eaf1bb60000e383eb40505719e4f71569b5b321abee705978e7651c39e0815a561139bc85587248e2af6b9a5ed90dddbaf1fc60763eb53784ac9f51d5a12492b11dcc6bbe2f9ce39ae44cf4f8d02c48b81c281fa53b0be8294f5e949f85761c0185f414617d051f851f8500588bfd58c53e9917fab14fa620a28a2800a28a2800a28a2800a28a2800a28a2800a28a2800a28a2800a28a2800a28a2800a28a2801aff74d47c54927dd35173eb52c685e28e2939f5a39f5a402f147149cfad1cfad002f1515cce96d034afd17f535273eb589e28b8f2ede28fae4ee359d59f241c8d29439e6a2739a85e4935db118dce726b22f20669b6bff000f20d5a9cf9770affc2475a4ba1e7c44e79af01c9b777b9f4118f2dac52994bcb9ec00a58e478654962c6f43b86e191c7b5376e5f00fff005a9e7011411c74ce2bd787c28f327f13088805d9be52416e9c13ec2b36f02924bb152a38c75f7c0ad48655486e376e215739c74ac2b8915fe6072e40fad52dc4f62f69f24f0b2c91b8d8f9427b0c7ea0d513a83a4adf3170ac4e3a8155c9895b9919485fe11c67d31500931bb90c0f7c639fa53936823aea68df10f1c5e6471c0d226411cf27ae7d38aa33428ab1a898f072bf2f41eb54ee2e599f19dc00fcaa13752eedc589607ad3506c4e69686ac574636f29ce79c66ba4b08e6b68731cc1a27f9994af41d8d7131c8d2488d216db919651c81ed5de69b7f6b2ae2270a8140538e847635c78a8f22d3a9d5879f36e5a81fce9599c6d8d403b88c67fc6adc07ecd1a49e6166239e727dea9cb244513783f2f2b8f7edf4a9a2b3488f990024f5dbfd6bcf52ec7635dcb70bc6e70d13bf27048c93f5f7a44b952db0c6aa0be096ec2a3597ece8e37b60f53d4e4d3a0b6fb43332feed0631b8f27dfd29aa92697290e296e319a0595b27009e4039dbe80e3bd2028e7320c03d7b71f4ab0e2da052362939c023a0f527dea191ed40ce19dba020f4ace6adbb1c65d858eda3666cae147dd55eb8fad3fca52c1020e0f539c1aa33dc23cc8ebe6055f9700e33eb9157e09dda3de130a4f2ddf14e29495ba8db6b5229a4585f0cbbc0ef9f97152adc47c98f2a49e58f414d92059822c5e5edfe2f9b9aa6f673231f28ab0cf058f6a72a725b0d38c96a5b3226e66ddbc9ee6856531960ac01e98e47e22aac705d028654ca1ee07f855a8bcc2e77054423007ad64a9bea36d21cb76c5880dc01cf63535b4c1c18caaae4e48c54490c65bae233fc47aeefe954e58d3cd0c1d727a90dd3f0ad1734756c568cb445d2d6ee241f39da7e5e3049ff0a488471a82e1876623d4d555e19d149656190c3b7d2a6558909e4b8039ed54a5d5a44b560bb7f3762124228fbaa3907d4d53124f20586252707ef639a9a50aceee939031f26eea0fa538aaf96b8fbcdc9dadde94b5bb2e3a2228da48a7f3243ca6787e4fd6a75badcd82cc548cf0319f4e6a365daead90c3fba7a93e95243bd998ac4ca73fc2300d4c24fa31c92ea8b5e5c516220c781f701e47f8d413092305c16000e00a75b850e5c821e204ee6eff008d3e39368cfcbb1c8600f1c9eb9ad9b535d8c968ca9fda2a06653b5828196079a56bb221720865032096a92e608668d80ec7201edf4aca9ac24f29992568d548ca633d6a1ad77345cac7bde4b293e66e546c727ae453439b860ab3ed0a7a74aad7493c0a2360481c86c673542491a070e13a75a6a9dd9a2b5b436649ddd8857f957dbad46a70170b93fc43b1ace4bb99fa10a33c003afe352c32c84e04847af3cd0e9b422f895972aec4638dbd060d1bd09558f273c9f6aa32b14e1989c9fbc7b54ab3c6ad91206ed53cba6826d17b7824286c6c273bbd6ab6ad70cf625e30ad2a0ca61327dc7e551acc88ac371f9eabf993db3c934658b75db8ef8ff1c55423695cc67152466596a86459f68da883011baee3deaea23242a536b065e491d3eb58ba7133bfda2624dccb2967e3af35ad23a2bbec071d36e0fcfeb5eab8283b44e083babb2301627258e46781d69cd80e8c15b279c8f4a8d33b738242b7ca0f551e953a23b44bb48c839c9f4ab7a6e25e43492a38e3279e3914b821d4eddae07e1ef4fc7df0571dc9e948cd9ddbd7e5c607b52b80cb90634f94f3f7973dc53061901dca339cf3c8f7c7a52c9feb06e2081c71d7151ccb8990e72b9c124679a6909b10a7cdcb9607a376a9a272018caf07953d71ff00d6a455c91bba804609c67dcd46a763207700ab1fc47a5292e6566545b8bba2da61000a3a73eb4f8b12092573b142920fb8ed5034c5e15dac1589da73dfd3f4ab802a2f92cdbc2afcc48fd2b8271e47a9dd19732ba3125696ea5c852c7fba3a0ad4b7d2846a8c5d5a4eb8ecb5246b0c45a28c10bd18e3f2a852e2747089d0363601fcfd69b9b6acb4468aef6340c8510ab85553c73de967b8c8555055571caf6a7c72abba4b344aad83b815fd45382c52b0ca80b9c903bd73e882e4d6736c05d5c3b2b61401d455f89553a150598f4e08fad6659bc705db46aacc13a923819e82ad89c9b82814e5b93ed8aa52e5d4ce51bb249202307767273f4f6a6104320438239c54b2bfeef3fed63f0a62ba14571cb67001ee2b7b2e86377d47b0da4e47047cc3ad5ff0ccf6ba7cb246ca13cd3c3e3a7b1ace59195886e73d3352a80a0e4641e40ef5ac2728bbc4ca705356677039e4720f7a7572fa5ea12432a2ef263ce190d751904023a1e95e8d2aaaa2ba3cea94dd37661451456a664a9f7453a9a9f7453a9921451450014514500145145001451450014514500145145001451450014514500145145001451450035fee9a8b352c9c21a8770f6a96342e68cd26e1ed46e1ed4862e68cd26e1ed46e1ed400b9ae575f9da7be913f863c2835d4ef03278e39ae2ae1b7c9231e373138ae2c64bdcb23b3071bcee5491504477f0be955e76558be6e13dbad599012086008ec3bd40b0b6d238e3919ed5e3df5b1ec5b4b998c7323ed3819e09a940cc483ab28cfd054321219c1ecdce3bd3c37c992700f18af620ef147973f8988ac445371cb211cfa77ac3092cb3ac71c7b779e8bce71dfff00ad5b88d956040da54fe159134a12645590c59ce581e83b55f517433a5680492a8521430c0c9c8e79a4cc7b9884f954752739350c8764a4907d0b7a9f5a6c8eb228504e40ebeb54f512d08240319ef5096cf414f91863de98abdd8e07ad6d1d8e793bbd0bfa569f71a83398582a4632ccc703e9f5adab1d3e7b0943b8f924407afe847ad68689a4dfcba3c091c4b0c2ff003f9afc1c9ef8eb5b074a8c3a79d36ec0e7238c8af37115db6e28f4285251f7999622965c889f0ca32327a8ec2b6ad2675b7fb3bed476eadd3f5acf4fdd090228215b2c07e952822575926dca5391e99ae07aad0ed6fa3249bf7971b9708c48dc31c13d3ad5a8ae551480b81bb940319359b24bbaf230ee11010073d6af7d9d8b667650a70013c823d3da9462dea4ce4ad664d3cb1b08c21c123688cf38f7a896cd6e1be4f99148cb7f855896c51944a3cc762790580503f0a99887b568e360bb47cbb4ee0a3e82b78a4e5aa399b76d0c8bcb6fb46a6ab0cac9e460ccb8c938ec3d055f8e67c389a129103c01d08f4a75adb2c131b8586113dc154964e80fbe33c55c0c96e32ed8f988c015b544a4b7b111934cae1951184509dd8c91d722aa7da7ca1b8bac9b8e0274d9f5f4fa559945ba4cad973237cf927000f4e2a292d62bc66d83cb76c6f38e1bd2b96516b44cea8b4f7238ef3cd98a6ec06031b4e47e7568c9be13bd46e18e3150da69690379d70c1e65c8f97eea8fa54d235bc728600b0dbc11cf3531bc7a94f95bd01a6428b02657ce04022a0d89c2b2c40211b4b77f5a0cbb07caa37e7a66a26b8f27e468904ce79246453bdf704adb173e5b52ac0860c3202f7aa771289321e35f294f273dfd3deabb4b28c34c84c6c701c1c0f6c548cc18a29dab0c6dc83dcfd452e76fd0a51b0f2ca1a328cca98e1980e9df1406732176c2c61400d8c161ebf5a602b2272efe529f9004cd452b5b4b8d924ac067e63d73fd2a1a57b96bb1379a15c954257beefe2a69bc9444ab19c86fbbf9f3f8d4104c0ee45770578c75cfd29d10804cf39048030b18ce0faf5a515dca691245712c9b8ba640f9467b54fe616259ce001823355cefdbe6c71ab0241da0f2be950ab48f313e495c9ce7a8149c64c5a12cad3891d23914381dce41fa54cac6468774853cb07cc507258f6cd5493819705ce7f2a1ccac094525063a0e4d34d8ad72e348195d3733900e59d78acf99506e0db19c723d6a69199223bf686c0ca839c9aa17673965c1de724639fceae2db7a8947b0f69617880c3172700631cd34c01a455f99187e9fe3518963f2d55c0561cf14efb5965c671c7e07f1abb35b0321bab9cc6ea5c308ce338c13e950a6d2b976db8033df351cca5c33375ead9fd2abc57db33132e1f18cd7446175a18ce56b22dab1959bf779dbd307a9a64d70f1e146491cf3eb50acb10e0649f66c66a8ceeff68562ff0021c9eb8e6aa34eec894c9adf0b32974f2c06ce074ebc9157ca0009dffbd5c90077359c1c06cb10c09dc181e39abc1d59132cc1b18040e08fe95d6db6d1ca924877080845cee1f4da3fc6944830a55892bd36afad471bcc5dc120051c027918a2301dc6180c7393d0d3b7726fd897ef7cb237cdde9c0305c16ca8e31e87eb48c23219436005cf3c64fa5397732ab2fdd51dcf1ef40751ae1738931f2fb7f5a895f6c8bf2eecff0001a9bcb21f04329cf00f71fe1510457918090295fbb918a0062ab0654e5589ca9ce78fad260f99b580c9186248c1153a46604664901c821b8e49a8555658c23eedea783eb9ed9a770258d0aab00fb801950c392474a9edd64902871b4b1e0d560ae8c89f33283d7a1c7a55fc1639dec540e7038ae3c46e99d541e9623ba592d309904b9dc48f4f4fad3e195846245da0eee5c8e47d2a4f211887932c147f175c53ad5892fe646a53aa83c0fad73732b1d2b62469e56c2f247dc5c8c8c54f6f6ece0f3e5b29ce3d68b6824d984fb83a8238a53672bb1db29895b818ea6a2d70bf4436662f260b1de3f857a8f6ab8a51195c290ce369c9fe7507d86542156550dd891d4fbd496417cbc1224f30fde3d33ed42d3464bb5ae8792fb994b00aa3819e0d470888c463fe2272083c8a7c9850517a1e083d49a58e3089823e6c671eb5d36b591ccd8bbb78da307bd2dbcb93b5b890e7834971136230301bae3da9b215550ceb9278dc47228d5304d345956db265720f7ae9b42bd69a3685ce4c6320fb572b6f2237f113f5addf0fca8b7463fefaf06ba70f2b48c3111bc0e8770f5146e1ea2936d1b6bd13ce278ce5053a9b1f0829d544851451400514514005145140051451400514514005145140051451400514514005145140051451400d7fba6a2c0f6a95fee9a8b1ef52c68303da8c0f6a31ef463de90c303da8c0f6a31ef463de8021bc7f2ad269319da86b8a91949073d7b9aebf569238ac65577c175c28f5ae31e32197cc538cd7998e7aa48f4b02b46c578f3fbc6e08e98a153cb500b72d5226d93a9181c532e02152509da0f7f5af33447a376f4312f7f7574ea3055b9a87cc0339193d7a54fab83e644eab818da7eb540cc78c9c63dabd5a12e6a69a3cfab1b4ddc959d96da465e70300fa9ac2ba9f74a81fee27f7460915abaac8e2d2054cf24918ed9acbb8b6956dccac57cb1d830cfe55bc5abdcce4b42ab334d80c02c62abc8c15be5344921e833ec2afe91a0de6a937dcf2a11cb4b20e07d0773ed54dc62af2d113672765ab28585a5c6a376b6f6b199246ed9c003d49ed5e85e1df0cd9e9aa25b95fb4dcf24363e55f600ff3ab3a5d8dae9f6e2d6dd4a83cb3e3e663ea6aeacfe5eedeced9c0040c9503a83ed5e7d5c5ba8ed1d8eba787505796e49346e8f9f94f7241ce076a1a244506544f525b902b38eb51437411d5dfe6da444b9fa673fafd2b1b5bd726966574bb68d0afdd439017fda1eb4a9514d6813a8d3b1a37905d2dd4b2da82eb22e5957d07a7ad6349ac22b7960e48e3907ad41fdbd74b1c891398cc8bf7d8e77fd3d05654f34b71cdc4a14b0e768e6b6585bbd45f58b2d4d592f3c82d3290652b95f407b5753047234115c4c596692153261b68426b17c35a6dacf89ef0c57126d05222dc20eec7d5ba71daba2b8b9b6861370a8f265773339c2e07ad156308ab13ed252642c7ca291217936a118c1c03ea7d69aae80a169046e3a30e87dc9aac2ee5924fb442d19889dacc4fca73ce01f5c523411b6fb9257ef162588c01db1e9f5ae3699a5cb37173e7da30512c65865661c3023a114d6baced76937923e663c1cfad40d0ccd18293364f3c0c963dc73fa1a72db2cd1b398b62a01b8b718fc6ae4b9b44c504b7622ddba48e42900f191dbdeacd8dd98a572f2641e1b3dffc2b2e5b062564b59f746d9f988c8a8162bd5dc5446ea0f5c81f9543a528aba674ae59686fcd721ee014daa73f4cd37ce72e4295639c0f61e958c2ea52e1258feef6539a885fcaedfbb85d474f7fa565ece77b9a28f6362e678e1e3ee9ce703b9aa5232cd26f69431e87d3f2aa2b74a48570637cff0011c531582c8fb490d9e031ab54da292b1a36e44a7ca967636f19da00356ee25f37cb822838dd9551ff002d08ee6a9428fbe5002468e33f29c827dbdaacdbccc9190db11b272f9c9fa0143b27a92fba269125180519f0398938e7bf4a7c4ca20449635891ce0855c30f7f5a8d6e23859588732ece10718f7f7cd2dacab3eedc7f7a5773ee19c13db3fd2856e8269db5259e38d62051c47b4e15bae455476e5b748483d8af0c3daa48665663b6343b4e37b71f97ff005ea48de2485a2b82c581c631953f4f4a6ed262578925bb8f2fcc0ac22e3078c0fad5962a087500296ea7a9154760c1210c61b85c74cfb8a4f2ae6418f9f62ff09edee2a79a4b440e298f92395d9de352aa3a3f5e7e950c334a10c6c8cc53393fcb156d6d9d22de5e4dedd0671f98aa72b5cc7c942defdc54bba2a367a0496ccca08001ea727a0a618231133ca0b003715e327e94e5595b7f27695c64f5fa669c3cac8f3048873d40ce69458da7b5caf776b6d35b174c232fccbb7ae2b0e712471ab0e431f9547afa574934aaceb1c60c84f41b718aad756c3715c055ddf3127e503dab78544b722cce69666b92aa8bf31fbc1bae29967b669a67914f96a074ea0e715d14f636b3bed8dd59829c320e6a93d91831124390d91bd4fca4ff00b5e86ba5545ac6d6661257d4c7b902273b46547ad67de4e5976f1cf5adc93cb7fddb2aa1e85b1c91f5aa52e886589dede7579179311539c7b1ef5bd2946fef1cd5a32b7ba43a7cdbcc49b0b01f2b803248abf34f89047f26001c27a565d8bcb65293b0820e4e78c11fceb4a1bc491e5de028901cf19c56b25add19c1e9664b11121254027f84b54aa4ac44e006e9ff00eaa82d37c8cb1aae7b703f535379689852589c9c31e99a182561ea3cc2570707918e40a9826dc202381c81ed5087554192dc74031cd3ccade6001b2cbf771ea7b1a9771dd0e91b7c640278c76e946506dc6d914f52cb90bf4fa7ad2a39550020c87c7a530050c54a650e690c4662a500cf1d73ceef4c523a9693202953f794f4a42ccae704107b118cfb62959cc592cc37301d076a76ec098c6664963c31655f9725b3f5fc2b4e05c2bc6496279eb818f7acc82206e800b9071926b66178a72e8d84c2e46d3d47bd72e25ec8de82dc1924565390d8f9460f5ab76f048d2e658f9cff00174c52c663117ee9471d0f6a867d4cc5119040f32e7e6ec47e15c7a37a1d2ae5f2de4b143f757be7834d6ba47f99186d1cf1c565ea1759d8610c84818ddd706a7b1b59921f3673f3483853c9c7f8d269b571f2d95d96e1915e4c0cb11f3b16e4e7d29cadfbf200f940e303a544cf2108517683d7dfeb4c4530424658b67927f9528ad452d87bcc924ca7fbbd33d2a0bdd562b1990cf1c8379c7ca785349248b0c277ae0e09e7b9f4ac5d72ea39e08625e15c87cf71c6315d74a3cf2d7638ea686bbeb1e6189e1c15dd86cf535663bb4bc0fce30780de95cbe9b6d3dcc8238b3b73f78f4fc6b7a18e05941562eca3693fde23a9ae9a9cb05633826ddcb76672cd9eaa718f6ad5b395639a374382ac2b16d16413b1206d2726b514b348cb8c01c835cf499d1515cee320e0faf3466a1b37df690b75ca8a9b27dabd74ee78ed589a3fb829d4d8fee0a7559014514500145145001451450014514500145145001451450014514500145145001451450014514500364fb86a1cd4cff74d459152c684cd19a5c8a32290c4cd19a5c8a8eea716f6f24a47dc191f5a1bb6a095ce675a91ae751719388ced02b3ee6e12309dc9e3152493667dec7972726a110c6ed86e47626bc4acf9a5747b54a2a314988aa880b97c0ea07a9a6e2295436e031db3d4d4cb6cdb0a823667214d3a1b38e26dcca18f6cd72f237d3437e65dca17169e7db4bb806cfdd23b7bd732c5918ac9c60e0935dc138c6e5001e833589abe8a6e24528cb1b1ea474aeaa13f66add0c2a479dea7337d74654c13c8ce40ec2a8224f7d3a8823664fbb9238ae8ecfc2a52e81d4240e01c88d3a11eff00e15d0a5aac072b18da061400001ed5bcf10a0ad1d48852e67ef1cfe9fe198e254966264948dcc31c28ae86350d0c71aa28c70a41c2afff005e898bf9811621b318ce7ad1e61c86c08e4c1e319073db15c139ca6fde675c62a2b420b8590b1db96217192defdaa09649a72d2e764a001819cb0ab70bb2174491b2dc6d299cfb7b7bd34c1e7f2c4228e48c633ffd7a94925a177ee629f0fca0adc4578eb33f200eaa4f63505e787e691cacb3866c0dbb23db9f5aeb23b78163c025caf751923daa38c6f70c8c30172541e17d0575cb1328ec72fb252b9cf5af8742dba4575192ecc363c6e0b2afb8f5ae6f558c5a5ecd0a3968d5884623923dfdeb5f50f125c417f719894a3f0abbb0c83a0391ebd6b9db8964bc94cb331e6bb30f2aaf59ec72d684768ee743e1f3235999cb13b99b68dbc0231d4fbfb56d796427c851fe605dbf849ee36fa018aafa4d91b4d32ce276064605e318047cddbdff00c6a9ea934f25ac915b32f94d26c791090c78cede7a73e958ce7cf52c8a516a2694f67205550a5fc97dc559b01cfa8a77d90ee49d8a3a47ff002c8fcaa87d6b2745d3aeedade590cacaf9cc7b5b207aeecf4ad6b7b7dc019de49618cee2dc900fd3a9e2b2768b6934cd629b5d8537cd147215550c4ec13a8fbc3b71ed9aade5cb28799d0300c064ae011efef57c2a1690db5b91bb05891b97f03ef55e4129d88c0a2b9e41e0e01ed9a86bb1b43426b68bcbdaa582239cb043cfe7daade2dc18cba9911ba90bc0f6a4b483f7522ca5028e02839c8ff1aad10fb3f3990f50881f213fcfad4a9b4b52ac9b249e17662d6f118a28ce77b7f1fb7d2849208cc73c96a444dd1d57249f715515fed09229959d1464b1e4139a9e19c41b627579370c966c84fafd6b455350700d4608a78d0b22ac43abe32715456086df722c5e59e9b9f90e3dbfc2b5e174823690aa0902e789370cfa547733c93c313adae5b772e7d69a9262575a743396d9a38fcb4732316caaf4d83bd468ec4852ae1633f3100649ff000ad092d6191ca9899646f9b764f029ada4a2b6616747c7dfdd8cfbfb52f677d4b551752bc314b7172e49600746ce2acc722442453b408880d8c9627de9b7114b85f3594b2f06451c8f7351c4235865124a6418c092339de7e958b8d8b4f989d26322bbbc92ec076fcaa33f5349963188616708dd40c1cd31106df2d158b0e77ae72bea0d364ba9559d70ad19e77e403f5e2a6eee3b76249de2b7c798b2283c607426b4229e448c3a22872304b761e9592b3b0b7e0e5377f18dc3ff00d74b0cb285764769003f28ed50efd06e375a9ab3dd2ba90d87c0e4b76354d656059db04039000c914ad1c937ca630370cf3fc3492431f94c240ae4f4249c5269bd5931496828958aed28db4fcc70d8cd479671f3288c670abc9dbed4f8edcfc921f987f777639a7aa991dd5808c0e59b39e7daa7c8aba5b112ac8cdf3ab865181d863dea52ca4150091d307fc6870625d8251b40c93c8cd2af239fde31e9b4fe448a56d6c26ee436d67b5c38836260e327afd0d5896c43429bdb2e7b2fa5491dc98a605b00a8e413904fad3e6b832a9076b3e3e6c0ab725bf53377b941b4ab594207507cb00648cfe7546eb4c8c6364cd195e9850456a169a6ea786239fa7bd3265df1b19432b6dc286eff0088ab8d5912e1dce435312a830c7086246f32e724fe1daa940c524c3068a4238c8ea6b664b5f32e5cc9f2e06dcf4db54af2cd9482df377c8af4a9555648e6a949f35c8609a48a42198a313c907a7bd5d8e42db5f73658f2bbbf5acb95b0f871b09e84f435346cc304920fad74e8f539eed68681ca30c8daa54648a76fdc54aa91c647bfbd53595802a0e063a559c0750a3e6da01001c67de8b08b08ff00280f1ee5cf209c64ff00f5a9ad2156c32af1dba0c5445dbe6d8ddb3d3a54449e4a9c138efd7ffaf4b947cc4cc195189206781ebf9d46ce32549054f4cf51488eca0282076c11d69adf348ab9058f04ad35e62b5f63474c5529bba6ce369fe7575520575dd27de1c6dc73ed5921c2471452aed8c3ee7dad963f415bf15cc5e4acd6a23645f9785fbbf515e6621fbf7e877d25688c8e4f2008bed04039e1055872fe460c9f20e431efef9edf4a647344196411c72b375cf1b4fd69972c934605c63a8dbce05609a352685d4a9214608e19bafe06a44c8f9432a8ec41cfe359f04e8b1156918e3f876f1f854d6b75be5da5186780d8e9f876a8926558b6635691033315db9cf4cd57381990b1209e9eb5603c23ab648e324f39f6a8762796f3b960800207ad6908b7b19c9f72a5ec8f6f6970fb7251415e6b9d586e2f8a32a838efd856d5ecd3ea4eb6d0478464dc58f0180ea296de05b0890a8048ebe82bbe128d28e9b9c4e2e720b5558516189d805e5d87f155b5942c9b5517819cfad57d859976e4afb8a9846164c9c60f6cf358549396a6f08a5a169099d10a02083935a309538624f4e6b37ce48a2d88f93dcd5ab09bcc1823a7eb554da4fd45357475fa0ca24b229bb251bf4ad1c5739e1e94a5e14ece315d1e6bd4a4ef13caab1b4d9347f7453a9b1fdd14ead8c428a28a0028a28a0028a28a0028a28a0028a28a0028a28a0028a28a0028a28a0028a28a0028a28a006c9f74d4552bfdd351d26342514b452012b27c4372b15aa444f321fd0568dd5cc76b11925381d87735c96a9766f66f3245c803e55ae7af539636ea7450a6e52bf4332e6e19496c7caa79a6d96a51c9284c1dc4f00d2cb68f2824b6377f08a8e3d3d22753c97ecc3b579294b767b09c6d634164646c1c85ec4d3fcd46624c8463b1aaceae708096948ede951bc6c7080fcc475ef58be65d06927d4d12d8230cb91cd465a16901662c41fba0f23deb3550c4e1a594923b0a9d9a35660cb80fc8651da9f3362714892294ef254ee20f24f73e94f990c20b83bf3f311d940feb504600789548553f3703eed58e640c3ca63b7ef11df1fcea5bd076b32bac9c6636386e70dd6a78e4690aab189252a480fc9714fd912ab804fcd8383d4fbd34085220ac0283c313d3e83da925dcae64f608cc8a77ac8012307031f8546edf39272bb0e0ee3c9ff3e952cf2158238e295591be70bd4fad55b9966184528ecdcab0fba01a992f31c7564ab7054ec78c8018edda3eefb9fe9552ee77b4b5b89e327744a7cbdc32306965329578b6e781b803f963d7268819d5ca49d5880ec73b54d0d349730f4e870ee3cf25a41963d4e3ad34dbae01e39ea2addd44d1dc480a9425d8807d3351ca3101cee249eabc106bd652dac734d773a0b2fb65ce930c86e5580e232c9ca81c633fd6b461d3215056497cd9e4059a571fc876a9743d325d3ac6282e32ef164b2820aab13d33e94eba9becf12ed1f3eedacc31c0ef8ae0a95173351ee542171cd1429108d595947caee7e51f5f7acf59a42e48222880c7cad92f8e956616fb42cb88ff00728b9da473fa544f691a4cc60942b03cfb1c542dcd6c96e0d310c4886608abc6d3c827fa523fef953f7a8e1b0429f5cf4c9e9554ace1ca2967723230fe9eb4e78654b63ba48961278edb8fb5528b7b15a2273362e5b646369fba5864afb71d68489a605e4611a74c13f7bf0ed557122aaeedb9f5072d51c93b46763367be7b8f4c52e5bbbd86bc8b50f510a468f1ae4828d8352998a4a408a342ab9f95b27e98aaa8f2ca628e2542e46181e3f4ab8cab145e5cb0101467739fbcdede954a2dee4bb262c0229d177c4046a3855eb5248d7837cc25758500014e062abfdb254906d4122b0c7d3d81a8a12267f9e26539f9937e38a23a2069bd4bdf6e8c91217690838e010734c5ba13e7ee12a7214bf3ec2b3a690067546fbc7900608fa1a1e358dd5f7294ea54e77127deadd46f4054e268c9bd9c8db1c40601603e6fa0aa531b74904ee92ede85940ebf415245332f98eb1e5463686fe1f5fc6a237e8cfe5dc27980f2494d847a63d6852e6d0145a1d1c8a413148e1011c93c807f9d221c44583a3b6e2080bdbd8d4b76b6f242cb1ed258e005ed9e86990db9f2d4237ef4e72fb70463d47a565249169e82a4c26b700ab292d827183f8532da3412fc9b9d54fca08c64fbd4cd2379a77b2282028057838ef4ae044c3c87552792c79cd4390d334565678c9dbb0e391d4fe15346d0b46a1d071fde1deb3a2b95824dee4371d40eb533ce92946e85bde9fb5695cc9c35b0f92285b270c76f0d8e31e86a068d635055c820fde6eff854a5bcc9311100a8fe2e86a38a14983ac859f07a01d2a377a2293b6ec8fcbf35f2ceb83c722a63630248581d8b8cee2dc54a4058c2801c27ddc74029ab6af2b37f11efdf8a69f44839bcec42d1c6ac36b6fee707802a482156daab9ce3a03c9f7a7ac1b13e54dcde87d3d6a492091377948179edce7f1ed4d41f5139159d79642af1a83c6ee14d29858c47e60001d33d6adcaa56101e48ddc8c91d6aa9dbb82a91bbd3ad29454449dca89a7897e60cadbbfd9e6b3b50b2da1f7c654e7038ea3d735d0bc4d80118ab0fe1e99a866590ab2b1400f4039dd5a464d117d4e2eeac0c80127e55ef554c52439576ca91c1c575cd6cb70a40ec0e41183c5675c58386dbb700718615d50c45b464ca9464cc6df88c14c6e07903b522cfce4921f39cd5b7d3990ef40411dea2685bac8369cf403a7d2ba63562613a3219e7671f363eb4e0ca318e869db550a08c64f7dcb8147d9e468ca70554f4ab755131a3262eedcc42e09f56ad0b2b41b412300ff11aad6d632aed665c13deb76d612630783b87cb1b77f7ae4ad55bd133a234e31d4c6bcd3a5b408cc77073f7866a6d18aacae859959f804741ee456c6a900974e923ca1957e753bb0ab8ebfa573ba6cb20691e163bf18c63b1a8bf3c1970d5d8de20c7226d453e60f90818cfb9a6483cc883c84bcb9db8c7229248de7f2a4421508c953d41a911c448ae1836382d9ea7d05733f2354225bedf956328a79ce307de95517955719ee68ba7959b00950c38e7b5575023e3721dc70cc064fd295ae0688b75253055b39c525c48b142224cf518f4aaf1816e4ab03bb2393d07a734816590b191ced0dc015ac5f2ad0ca4afb96a141097dd8321e80f4e6aaba04dc660096f4a9de427e5500329c658f41e9514c885c88c648e48ce40a1c888c446750aab19638f41c5235bab09028fbc0734d8d790cec496e368f4f5ab4a84a05e4aff007bda9a9f729c6db148c6605200cf4e4d6b58b83182d1edefc553b8c314438627f8aa78331ab856395e0ad6c9ae6225aa35b4bb80b72241d41aec148650c3a11915c2dac3e586977019e4ad761a5cbe6d8c679240c1aeec354e6479f89859dd1a09f7453a9b1fdc14eaed38828a28a0028a28a0028a28a0028a28a0028a28a0028a28a0028a28a0028a28a0028a28a0028a28a006bfdd35154aff0074d4583498d051460d1cf7a40735afc8c6ff00631ca01c0ac8958bb15fbabeb5775393cfbf9583646783549d0e01cf3ef5e555776df99ebd1568a4451a794a486254f3cf6a2491c2823a63008a8e4954c6d80cd8e31eb52a9da81482323a1ed5c97ec74dbb8c60d8660c77a8e451e618e33238c1cf0bdc8a567c5b961c1718e7f9d218a49cacdc36d5da147181eb59a5cc56c24a5a78d78d84f0d9a69b955e910723af39a2465f2f0db9b77f001ce68bbb7892d44858479fbc3fa50eede80add462dc387dc32b93b88ce4127b569c30cad30994052467e63c1358901757c850e89f31c9e38e9523ea52f9eb21076b0c373f31cfa0ed574e8b9ea4559a4ec8db6825de43c8903b73c7393dcff00f5aaacfa5dd1594a4b9254e1981e7e9e99ab6bab5a471a34b224781f2027278ea6a8dc788e05627fd2241c9e3e50df9d6ef0d739d5668a524d3c3015bd8f64846d0471bfd0e6a486e1195c6c2981c85e39fa1a8c6b13df821a159a120f991637346b9ebee6a24b27dde6096396153d89c8faff00f5eb1a941c75b1d10aaa5a32450d2921d82af2c327b0ec076a7894ef400e06d3924751e82a2322b798cf0b372146d191edf4a65b467ccfe07663f747f9e2b9da37ba68cfd7f32189907eea2ca924e4924f1587785d207dd905ce2ba2bf30c90792aceef9fe1ec475cfad4563a2437f03bdec8c3036c600e54f5cff004fc6bb28d48c22b9ba18558b7f097742d567bed33cc768c4d1bed21463a0ff000a749279cbb464267f11534b691dac31dac102244877103f8771ef9e6a19a30647452a620321c8dc718ff1ae692839b71d11ad2ba8ab8e85628e11299b2118613791823a1e3ad06e23b8478dc28766cef1fc5f5f6aaed30450aa8483dcaf07148b3aac41655c2a93c85c939f6aab3455afa9335dcc2ddd5b6b2e766f03903e94b6f200fb66847da1b27e73f28f438f5a82da35121962758d73952dd8fa629d21965970583e0649e857daab51596c3eedc89d63b878588ee83183f5a64b12b15174fe7b9e548fe11ed5149ba7292aa175240391f748feb44dbd409b2aec1b6e01e829dd85ac594ff968b693950a03ed6c7047bf7a45b9927da970a3713c65f8154d646cbf90aa00f4e31ed51adbdc5c2b3c60346bcfd0d559c82c9134ff002dd2ac1030006092dc01e947981629304fcc4ae3774aae3cd628de6228ef8ebcfad4f3797c0999b7630360149c4771f0a0914e5c070bc7ff005ea391d9e4528ac8b8c313d73ea2a00cca5db7bf0dc67f887f8d471c3290640551cf3f7f18fce9a805c9e4bc9e293cb27e523ef531f54dec0ccaaec38ca9e954ee04ace503abb77db55b054f3c56b1a516b504cd85d4e069836c2a73f7f3fd29efa8149832b973dd81eb58c57a128403dfb1a5d8ebd8e28f63119b72ea00b029d0740474349f6e5e150edf5ef8ac5008c649c7bd3d1981f6a9f63141a1b7f6bf295e457dea067681d6acc33c7338da78c6ec1e82aadab5b5cdbed643167b81cff93567eca258996da549300051b719c7bf6ac1d3be9d45cc90e5ba66990908a83a0cf5a90ea05480594a0cf23bfe5598d25e9768a4b698c89d80e9562c609805686dd5994e4a33609fad0a93d90e564aecb62f404c44ca41e0739c0a9e39d6243b261bc7cdf43ed541afaed14a1b01bdf8c841823bf151c724b6e71246a8c4e7649c9fc293a76158ba677d8599dc1c73f3706a68dc05e4b83d473d6a85c4cc3f791a221ebc73cd59f3151409c32a6de36b64e7d7350e1d9831cb740c81d0729d4fa8fa54af79e66045b587aeda890c2f704b14395c2e063f0e28536b8dc91c9148a4ed2ce0679ef4592d13d05a762d7dad9e3380aa718538e037ae692e8b342933655940c90d820fbd56171321281e31bb8036e6a1b89e40c0f55391bb1804fd29dee8950d4955f0cc235cb81c6da399599480481f31ed5496efa87202fb714a974c142f2148c31c609a9e568a922dc291952eaa323b377f6aa3ac586d58ee600016f95b27afb8f4ef9ab505da468363ed00658b7a551ba79bcc22320452b17f2c1180c7d3dcd6b4f466567723b6d3d1983cd962465147183ebef5716dfcbc3150039c30e2b323bd9a2cc6a01c1c2ab738ff000adb6491e2590a850172e3d0e39a73734f52ac42d0a1cc43e54fef939fc29abb6260028741ef839fa5111dc1108572067703819f4a96109bc29c095872739fc3eb59b6fa949586cb179d6732a81fbe8f6206ee6b2b4bb578a43bd41573b5803f3023f956d4c40dcf22908784cf1dba9aa626f2212a137c6c73bfa1e7ad54672e5b2ea24b5b8ae9e50dc5d88cf2a3bfb509e4a8cc69b43703fcf6a4f3216e15f6f1c01ce296de2c48acc7839c05a76762ae3b75b1527918fe124d4b1b148c7968b890e43119c51e6c6c8418cf98e4e0e3b7bd3e3d8b1c04ee3bb236af43f5a49ea4bd8ab3b31da186540c90bc9c52ac89c1841555e4e4f3f5a919460870c3b9cf047b531655b7050b02b819e3914afd864e6120ef700efe4ffb54e997f7ca1182865ce0718a8a5b9de55220700e738eb4f67dd82fce0e1b3fcea96c434f7222c40cedf2d8b7e756e32d0801412edef50ce918dbb00c9c1ab11941183b4824e31df1554d2e6d4537a6842a150bef5c3ff74d4d62a23970dc96e739a58d3ccde665f9978dd4c8311bf7c1e9cd74462b468c9be85b317ef8927e53daba4f0e4c4f991678c6466b022e1016e49ad3d1243fda28a38041fc6ba696924ce5acaf068eb23fb829d4c8fee0a7d7a279a1451450014514500145145001451450014514500145145001451450014514500145145001451450035bee9a8c54adf74d41bb1da931a1d59daddd79366c8ad877e38f4ab5772bc56b2488bf328e2b9192e1a462d31249f5ae7ad539572f73a2852e677ec428b876666a560245c8233e94ddeaaae41c9278a6b3838006ded5e64d9e9c50c9a3e09c60f6a0ab850430da3f8bd7da9652c8cd9652146307bd3239e3036023d38ac2fcda1b584990a2f9a178561900f247a5385cc7f7a142416e57be2a6fdddc4185190dc13fddaab269c864ea51b19dc0f26938b5f0ec09a7b900b941760ec08a3e6ce79a6dcde2b90e33963c66ab6a16ef8c236e6518381daaadbfef90a338de0fcdf4a1536cb76b731699cb797bdcac033f2aff00131ef8efc543282582a93bfa8f7a75ccfb197626186473dffc3155908dc03b3798bc1e3a7b57a70872c523ce94b9a57165df8251f2aa013819c63ffd7489f764c0265030e49fbb51b3aa2185fef672cc0e467daa2958090e1970d8dcc18e09fa55a5d04df51ceecac431224c614a1c639a1aee583cd9918998fdfeb8914f5523fad447760b3020670491c86f7a3ce66da72a0740be9ef8aa714d589e6772fdbdfd95c5cdba35ea463cb39eaa54f653d8d4dadfd9ed6d62fb2dc997cc2785206001d78f7ac095218a272cdf331002b276aaa646b62d10d8c3b11fc35c8e846fa1d51acd6e6be8b2da417aa267255d701cff0001f435d179c6295d997ccded9c9e8463af15c32128bbcfddcd769a3c9f68b4cba80c898193c573e2a9dbde34a534c7bbefb75441b73c7985ce68dc8235317c8c0005719dd8f43519e445c6d2e4aef51c1f4a75b831ab40e177a10727b572f4d4e8d0aefbd8c8632c573bb079c0ef4e8ade58612c1b098eadd707f9d5c9637b88d515ce107f770c7dc1aad01496658e6721101c2bbf43fe15a458991da950ac64d99638195ddf8d4570b182f1c7866e5bcc0700f7ab374f048514656339f993193f4aabe7c30ce0a5bc4625fe173c963dcd5c43adc6310f328570c001b7e538cf723ffaf4c485e22cca026f3b3e6eff00855c6bc840ff00478cb3819230300fb532473246e1ad8194632e1b19fc0f4ab426d902c1e448324938dc30c0018f5353c2f772317550b1b104ab48704d40b03ec008471b727665c81f854b69bf6bab47ba35c6096e7dbe94df37442d0408a65188c82bf31c631cf7cd352dc12cab0890e4e194e38ff1a6ab132ccf2232386c460f391fdd03bd2ca56dd77c45e3661900b75fc3b54a7629a2116ac0a976031d547247af14246259f68898230f95a67e9ef5225d492058be4566fbcc4fddf4cd5cb058e489c4c57603f7c1c64fe3fd2aaec4eeb5335e6b784c8a208a7f9b01c640fc3d6a789648095b58c4591f3165048fceb45ed200c7cb46f978c2fddc9f7ed4e408b095688654e3e6fe23fd6ab997525bec55d3dd37fefd90ab1fe20393ec2af2c51172e918619c467a006a1b99628f6b3421198052ddc03fd2a7b248fcc2e3cc6445e9d00a9535a242945eec80e9c6e389a3508327b67f4aaa9a3c72bfee982b13f283c29f635af6a23f3b7343e5a1ce33c73f4a91c79eac91c984039dbd3e99aa5aad09e69459cfa488972ca536af39e7a7d2ad5b4f1dbba984ab2f7279c0ed815625b21e4f933b0c755700641ff3dab3a6d35d56492dc2bb21f9b69391f8564e9b66ca5166c26a30a282ec2452720018c1a49af617d8a31b9cf51d87be39ac079258c02d09248ee292cb6fda0b4e8496e846542d38f3456e0e92dcdab8bbc48024c63890602e3ef7d2b38959a491dd44899e39e47d29f2c71ac52b9940118cb2920eefa7a9a448e268c794ea370e8c47f2351cedad58e315118d2c6559c293bb8079e31d8d4b64db6333332b283cab703f0a63ab95593961c80a3a0c77a742c92208c6e249cecf5a4d2b58bbe859b736f24ccef88c9fbbb785153cd3438cc710662bf789f945566ca3ee9a30c00e096c63f0a7cb728531b0907a81d3f2a86d916bb0645dc4828ac382a8095fa557f343318d36a92739e483f4cd3c2bba0259738fe1e3355d1583968d39ce793823e94d598cb3e52bba8c26d404b1ee7f0a05b42e1705d187423f887a9a40a301642c8dd4a30f9bf3a8e59502ac87289efd40a137721ea8af7cc2d25558265763cb2baf41510b592fa48cdc9022519c038ce7bd457d7115c4a5e218ddd771c9357e0f2a289158332aafcc3a61bfc2b6937149adc98ad08f50b5174d1b4242cc3e57207040eff51561279fcdfde18957036e3279f5fc69ccacf0b61f7283df8c8f4a89bcb76566c01d3af3f81acaf75665a1ce91aed9012550f6e3ad5b8c8547f90206c101704f1dc67a55404ee65452477240208a12531b1dc3e6233b4f345ae84c92e250622c58b3ab700f1c7ad51662c00dd95cfcd9ab37189151c119978cf6cd2080233b4b9c8e07719aa8ab093b14c344981cab67d6ac2b6edacae093d307935008fcc0ecfbb23eefb535a32843a1623be0d5b498ee5d5629192dbbe6eea3a7b54f1cacb06e5c2e46013deaa472b16c0de32318f5a5903939c65401b88ea0545b511219659dd4a8c0438724f269a3623613710febd48fad48a44655c018cf2bd2a097cc66ce3b70abda85661e489d274fb4116e195546376339a98cc85d4b9cb63ee0ef555dd06d91372bedc12dfca8862180c182163f534dd8562c4b70ccdb5940403031dbdaac4202aa3236491c8cd452a88b2eff00386c6303a501256881c6c24f03fbc2959dc4ed62cfda086c31500f2c29b1bab49b71f28e7355f08b2f3131635a112a329c005b1d0574abb76317645a461e5ae79f4ab1a5b6cbc8dbbeeaaaa4044403ad58b64f2e446cfcc1b8ae88ee8e796ccedd3ee8a75322398d4fa8a7d7a479614514500145145001451450014514500145145001451450014514500145145001451450014514500237dd355249638f97755fa9ab4fca9e715c26a25a29e50ec490c7a9ae7af5bd92bd8e8a14bdabb5ce8efb57b486ddf6c9bd88c002b8e96e0cb2376cf4a81e749195547cf9a9fcb0c99ce71d6bcf95575b53d185154872910c60cac327a0f5a76edd96c0dbeb54e447662c3927851e94ddc5710b6e6041e9d335cf2bec6d15d4d08da3961c1fba4e727b1aa6e530648411ea5875fa5366122c4b19242772074a9a15592d82480fcbd0f73ee6b2776ec68ac95c58eebcacede108e0119f9aa764dea923923be00aa324211c673d320fa9a7c174226890e7239c139c8f6a232b7bac6e37d5171bfd54a2e30b9fbbee3eb5cfc76ab0cf2dc0600b2ec0339ea79ada9e2376a638e65563c8c8fe75872c89144d0b13f781c85ebeb5d5874dcae61565cb1b772095da595d7605c1d9b98e3f3a852519794b2ef538eb9247afbd32765663b06ddc72141e07e3de9aa118e08f2c26727f8abbeda1c572757696366620065d98232473c63eb4c50cad344912cac17eb803bd36490cee4961f2018038c81edeb42045dc4364e09439c74f5ff0a5b0d6af411a569776199940181b78ce298cff00bb08841cfcdc75352c259636650ab291d3a061555fe573e593d3196e36d52dec0f622bb633c8a40263040e9d2ab4e9be55dbf79f3b813c8c7ff5aa6de02ba9e33d0e7a1a821dde799cf11aff0017627d286849dcba482bb481b4700568785ef6382e6e2d2791561931b4b9ced26b1ee270bea49e83d6a7d3ad772c9bbef9e76ff4aceb28b8599ad26f9ee775e49f2c048d1957a956e481e9e959a5bcd73e58c907927823db359f6b35d5ab2984ecdc300119fa835a77739b758cc96e51d80dc08e99ed5e53858ef4c8fce68634923712053ca919a62aadde59d71213c30e05491c171751031468aae465d4f4fc3d6ae35a9862757da887b92391fe3438f28732f998d2c1219c44abd7a9f53561f4a8e38b7cacde6f3b791cd4378c892864fde61b3ec3f1a990ee9048ff00eac8e8e321b9e4035a45e971c9c886d6197e60b3c4afd5b9c003fafe15a06132615e532291ca88f0c71ef4b25b2bdc0963650c3048e8063a5486e2e039778571fc400c67dcd527d0993e6d4860b52913488ec807caab8da7f1f6a5b9b2494978e4955b00b9e809edc1a93fb5167917cc591429ced23a9aa92df4972e20b727696c9ef4f992128c9bb91259de492a991e23229e0eef9947be2ad2e9d195c5ccc4f766451fa5385a0fddc7264046dff2370beb9f5a5fb24b2c724d14ae50f45c600fa54b77d8abf991268f69248de499245c7f1b8073ef8a61b3862c26c97cc538da06ec55ed2e29238f255010b86dc31deadc90452040fdf8c8c063434e485ccd332cdb5c9218c9b57fb8c31cfae2a36867941586786452c38618cfaf4ad16b18c388b2ce48385dcc466952d0ab85452a838c0e99a4e2fb0738c8e04817e701c13c02bbc8c7a531a3666675698ab7f08f97f3a35057b79a3f94c8f9c005b000fad412ddccc5bcf84a6c181221ce33d06296bb6c0b5d4d30998d860b6dc12c7f95429e62b2885d6256ce6361839f535046610c8b25c9098dcc48239f4a1200f3991262fdb96c9a6e4fe242e55b32c4fe5968cb00580e0e719fc0d44b3c6d222b121c3673b7a1f5a6c91125b087919127627be6a96a025dd1c8626c8e4f1429cf7b02845e85eb8b2fb6c8648ee17737fb3d0d578ec5fed38312b6464679cfa1c9aa8904cb1b80c4b01b82f63ec7deadf9923246c2ea40ea3217a638a52972ee8ab744c72c2b0c91c2e80c8092430f957f1ee4d2358c572c643e5a9fe319c60531646b84c493cac87961fc47fc0d49fbb78bcc585e48fa6e6ebf8d4f3761ea882489a020a485d8f03038007f3a69bcf31987940163f380b8cd598e78dd2524b8dc4055c0c67daa66b766db233a83b70ac33d7d09a695d8376dccf16d2bcc1e25dcd21e778e3d873da8f36521a2910291d36a1c1f539a9638a699196365468db00e7a9ff3dea191a5b76566904b291fc7ce3f0aab6971deeecc8d5d55941dd8f4eb9a453f2c6fbb613c7cfc9cf7fc2a4492669bcdf2146063686009068580161b2505d0e02b2f07f1a8b0d95dee3cb3f7cb633f30ce71eded504f33ce8e918181cf232476c9ad58ac5638e4f364cb838c8fba7d694428188f2460a8dd211cfd28538a13b11430db5b37eee0da76a86046770f5cfd69668b7ee6c7c9b4f39c673448f990b176da79c1fe1cd3570994562508eac306a35dc49581616604e19582e0f19dc3b1aade5ca8cc46590100e6acb8942ed53b980f9ceeec7d29be5a1465461f21ce33c66a931dcaed1bab10ea467a60f5fca889d87cd939fe103be3d6a678f32332bb10a324ab74a643148e482514118de4e38f5abdd07a93ba6f588b10a5416655e401f4a1d5c42aaa40181939c93ef4e8a3c0458c2c841ea476f5a747b232e194841c038c6e39a9f4246ac11c72b1998842a09c1cd4371044f28113141c6d7ec7d8d5af2c4d96528136e02b1efeb8a620f2d386e01c6d3cf3473582c67c8f246e7cdc93f7411c74a6a4afb82a6f20f5c7a569238218b9e08c024e40fafd69f67b616186251bee8c75a7ce87b228ac73caa1846c531904f7c76a4469173b88000fe2eb561d8895977144cf41fc3f5a488112b676b28ebdb8f5145d06a47ba2e640de6138caf65a92dda3f30337316ec9f6a922f286e50a36b772288d149655521bb03c83f8d0d262b93c9180e5509618e1bd7daa74430a0dcca49e42b7514428e225ce00519614cb42d2b4ae3aa0f943738aae5b5999364e6125965ced3d76fad379f314a83c9c706a78d9b2d920b01f78f6a80bb31db08048ead5d0959195ee5d19c003a83535bc81e453e8d8a855d94afcc3730a9ede26695428ead5d1139e476b0f3127d2a4a64236c4a0f614faf411e68514514005145140051451400514514005145140051451400514514005145140051451400514514008dc0ae1f5a8c7f684d90786e4576edf74d607896d731adc20e73b5ffc6b8b1b4f9e17ec75e127c953d4e2da106e37038a9a2f918aa365bd29978b89b2809e69e07960b06008f5af25558c627aee0e4c7ac336fe082add47a52cf2ac3b02007be476a89199e2de9232eec8cfbd5392f5add424a1246230ac3bd3551c93483d9ea5d7b8791c2aa1391d08a9d227756590e011d071f856759480cc410c0f18cf5cfb569791224a59a50aa7f127fc2a2f65a8dad6c24a0c4002c02771dea1fb22b3f9a0ed27daae168277d92b0231d7a1350cd1345f2ba1e9c0cf5f6a87388d5d105fcab05a9391bd86d539c64639ae76ee590a89048a77a8395eddb07deaf6b172eceb18e162c0e98db9ac63207f94ed2c98da3a06e7a1f5af5e8c528dd1c155fbd663d5930045b8371c9c7073d4fb51e6f9b322b6cd88c72c38ea7939fce9d6e65ba924e002ab9208e00eff008547b6148d81dc6527e53d80ef5b197a12ccb124ad24285a3fe1078c8f7a6141c17c32127685e09f7fc3d2a579842a26b6c82e0afa81db8fc2ab6f4c82df7941e00a94f41b5a837cee15f2cd818f6fa524a11a3c4685149ce4f3de87998c63702481c9ce318aacf23e704e3d3354909b43efc622010fcc582809ce4d53bc38f951be503851d2ad796e63927d8703e50e78db9f4aa3869a54817ef138f9ba0fc6aa22913db85f2d5b1c81cb56de8f60f7b7002eedabcbb0ff003deb1d6caea02b149049f37400641fa1e95dae8b6cfa7592c32025a5fde3003906b8b1135157b9d5493258618ac37313993181819da4ff005aab285bc3b6e1dc31195006303dcd599098ae176c6ee89d307073dc8f5c54b0c32361d23009c6d690e4fbe4570c64cebb5b53360d366b740d04f2a6e6c05dd8ddf855db7b3118924991a773d0487201f4ad42a921c141c75cf04d324f910c61531d405cfcd5aabb7764b9b664496b1ef07718a16e0e3a2fe7d29d0d9799279714cb2842701ba1f7c77ab92c4b2aa3b0c6413b0fd38a8adda68b6aca4c6586130bbb8a57ee35b682cab2478cc419470b96c65876c556779160676855f7365827dea9a6be8a340be66f72793d3ffd54eda864394824ce036d9096fa8029ad7616db947ed52c92910c21bbf3c83f5f6152c4b786568da2446da0f0460e2b426843c2888b827ab22f6a96347c6e95f120ea08ea3b735764f462e6ec8ce812ecc8cf1b1524e0971fd2b4628769dcbf78f2cbefeb4d91e08f6c65e22792d9e4fd31daa2b8bb6fde08a457dd824839c567eec771be697416e582b6586d73ce07cd9f7aa6f2cc423030801b2b9e1be98abd34b12db2c8ccac074e80fe15455eccdc28588b3afcec48c9cf6152d5fa951db61ff69bc49181937b2a7214f03da9639e760bf218dc8c9539e9f4aa3e64d890c608507231c0c9ebc5597be921894087e6fef3a9e47a5164f76c1dfa244f70676b7093ac88ac3ef6e07350493aac7b7c9698aafdf29ce7d6a2f391b02391431fbc841c7d7eb4ab74b696d876708e320a9ce3fcfa509872d8a9701268488d662ee436d66c93ee455c742112578a2dc31d5fa7e55049334d0175955307eeba807e831558091c8965750a07014526ae685c6bd126d8d3ef75521880077fad5732cacc4bb943d5403b813fe152c91068d37a3263a023e520fbf6a641e6055dbb709c0ddc8fa66812b5b4248ef262184b8195ce380319a1256f34b79885bf841e401ed4c9ce5087d8ae7a05e40fc6963b03244864930a4e708b9cfa7e155672d98972adc985d38fdca4808272dc0fd31cd44f33ae76798a77618038247bd4bfd9f3851b8aa329dc083c83df23d2a37820e8e64d8396719e7fc9a9e577d4778f41209514b46fb5157950e7273ed521b8591c00e586df9b77527fad56b911c62336e9c8c1dec39fc298b29900640ac41f99b8e28945f461a6e68492b46a412007038031b45556917e531aed690905ba91fe14d9bcf50cbf2316eb4c5825122a89a2457fe2504e288c5aea1a58b5893cb52cbb3ae189fd6913e7f9c100af7f5f7a88c6e06d2c5f68eef827df14c2c91921598ab609e3953ed52d0265d566da5481b7ae1b8e7f1a72485a2291b332e39f63e95566f2caab365ddce7904fe74f5940925192849eabd067e9fcaa797416e4ecaed6eaa154e327ef64fbd4370023aaa618e304f7cf7c52c9b600ac369603aaf4ff00f5d319f2dbd18ef23a8fe1f4a76b30439a229b446146e18c8fe47deab37ef1c0520bf230c3a54eeed7316d552d29e5c8e30477a8d831f953690bd761ed56a36d457192bef531b36e7e30e051344d0c61890597eee470df4a9d7cb56db90adc97ee411d291e34989258955fb8a78e3f1a134863a221576a712f43ce38ef48373a9420a8cf2739a81900f9159832f242af51522c325c491032e19ffb8383c7534ed713d0182a9fbdf371907bfb03eb4f5d8236cee57046011938fad40632d1c858e5a304f1dcd0a77a472ed195fd6938e834cb46159547961816246146463dea02ceae840c6ce0e78c0cf06acdbb2c684be02af2ac39201edef4f568846d2ca46c6e57d47d7f9d4a139588ddd831122a9c7f16739fad40b88b2ebb8820f419a591a270163cb2e492c0e011524326d05908c6e255077e3a9ab8c6ec993b2116504aa347955e17e9f854ad3c51b64e55bb0ebbbe959d0dbee47649983e7f3ab7f2853901c263e77ea3e95a28ae84499721b8966006cc6eea5f8e29f21313b14c0dc7279aa125c282d991d8f603a669215578ccc7201c8393daae2dec438f52dc2d24ecd360f9646081deadd9c4896e5b7700f6a86d77aac4910091919a91ee522010742781eb5ac52dd9949bd90e58e492f52623e4e83dab7f4d0a6f62039ac885d521320cff00856968a249aea368fa0393f4ae88593f539ea5da3ad8f3b067ad3a9abf769d5dc79e1451450014514500145145001451450014514500145145001451450014514500145145001451450035bee9aaf730adcc0f0be70e31561bee9a662a64afa31a76382bc89ece7921947cc0f5f6ac4d465ca8455239cd7a1ebda48d423578c0f393f0c8ae1f51b59a39c46d19504ed21875af0ebe1dd39dfa1ede1b1119ad7733b47bcf37cd85be6707207ad486d639ee6457902295dc39e959d2d9dc595ea4c9f285392474c77ad99e0b79660e2562a06e52a386cf6aca69465ccb63aee5d90259431ca40925083e7273c62b265d5e79a6451b028fbc547deabb7f2bba00c06d207e15cbbac90dd310d8da700d2a71551b6c7156573a65b8076b02b57eddc5e2342c7336ddcadd738ed5c80b8291e240f839e73f954d6da8484ab4726c963f9b70ea7de8f61f70e4ae876b0ac975219778790e55318cafad645c8ce46edcc00c0038aeae4ba7d4ec775ca26f5908de719071dfd8e6b9fbb80c1332b821ba7b57a7879ae5517ba3caad077636c5dfcb6c16e40420738514dbc9f811ed0b1839c0ea7d693fd5cadb48218606de0034fb385276733b2158cfcbbce3763d7dab5934bde2229ec451c8d143fbf8446b22fc859b04fe14eb9825b39904a0076c15cf208f635b1711ac9b5da389db80a402768f6a9ae16da18155f66e7eae4f2315cfedadad8d7d95f439b55793211371cf41ce052c31c875258251e5b8247ef172056bc336270b6e8aa09c1723391eb576db4e79248e69220b32b346485ea9ebb69baef5d0151db5290d267b90c2795dc86f9542f0476fa568db68f046d1b4b1e5d0904e7a7ff5eb55630ac84b9dcb8038e5b3eb55e79f7ca00cc643ed28a325bfc38ae29d593d11d31897c2c423577f982fdc03b5406658a6055b66ee4b75aad3caf0c21586cc8c9ee40cf04fa66a3d82405c46fb2438576edf97bd652bb65c625c9a769371795532a42f3839f5ace82f65b78f2b26661f31de298b0c81a473316523b01c0cf71491d9b076e5dc30c8c2e49c7514d27dcd128adcb6ba835cc6eb37dd0323b1cfd7d6a78de69d15a26d80f2dd4907d0e6b3960758d5c8468d4648191b7df1dea49266792358f3082b92a06727de9ddf5134ba16366db8552482e3efa9c1a8eeb4f9764920b890044db82704fd7155fce92275678f3201d7ae3dea6379711ca824984855786dbebda84d2d2c369ad532a2e9b35ca2cb01f2d780cac39faf3572dec9ed5d1e4740241ebcf5c5226a1210cad1e5b92373678f7a65d3394f2d2669e41cede87354da968857975d8b724bb4324172aa9c82b8c907d88ea29eb2b4b08904659c70c80e73f4acbd9706046f2c8c9cec45e83df14b1dd3c33b12c1c9fb8c72383db149f32dc3953d8bd722758191fcb1230c348d80c07615008e58a203013e5f989c1e7d0544b879c19402c38d8d9ea7bd497301de89e48320391ce40f6f7fad1a35a86ab42782d0329798ab2e721076fad2fd9f627ee9e38b71272a71c1ed490dd5b10e8d6af14ca083b5be5fca9977776d82fe5c8e470493c03f4a6da5a2255dbd48d85c5acc3c83bcc839527f95327be4dc4bc6d3cec36952c7b7a547189122599e53e5b670dbb07f0ab2278d9838f998afcac38007f5a36d1ec32a25913109662a33ce14153f4aaf7514f1e111778dd9249ea3e9eb56a65612f9975e6c8c0601e9c538de226f089b9ce32cc723f0f6aabc417314c3a6c2e594267804e4fe556ec64880512a97079042f19f4f7a80491ccfe64df3841caa01f9d5a55b4f3123121048e4b1007d293561b95d08f7192d1ac88b1827729e49aacb2472e598ee24818c706a568275de90ec9e1032ac060e7b8a81ada51b249804503a8ea0fa7ff5e972b7a82715a17219fe5086354743f7dd71f2fa9ab8d78b1ec324d1b2a2f1147c1fceb1e26768434f74008c9e1be638a58e484abecc467702b9e4814d36909c15cb97372f2c8d3a9963907dcde7247ae71d41a43782552fbcb193e528c38fc2a9c84a49972c73d39c668372ef16df282c64e463ef0a97ccca4a23b7f945914e557b95c907d05303170ca00c280573c60d34c8d1c614467af0d9eb42ccd2b2ec60a8c843e4fca45349816639a784399230aae3241e4fe14d85d3cb6c21e392c7938a6ed790005f72e3186ed4912658cb9540b95045474026f2be7f9d492edf31cf4a6b466220a1f9402003ce680e0c7c03b9ba9e4838a90309632481e83dbde936c498c0a4c2e30aa87fbc79cfb52ed254796a41cf4c601a74dbcc05a32cc4a9e33d6abdbb5cdc67ed30f95105fbe13041ed42d55c1327847cbb0630c725bd3fc2a558dc322ec0587ae0e475a854b428eace483c919fe74ad365c2a1f9bd00e07f9f4a7642bb7b16199a25f906f0793b4e0fe26aa441198346c0390791fd69ed2b0de8cbb811c65b18f6a8997694dedb517fd9e17de90d224589181756fbc70323a52c4cca19660c01046e23a8aaa857cc6c6e63cb607231dc9145c4e31184566503241354a2d8cd07ba88e551861405dc31c0a6dae7738561b0fcc0b7407fc6aba3452265d550b638c6714edcd12b2b029131f971dbde8d50ac895caa8d87e61f798e3181e98f5a69b8767c2c49b86300600c0eb8f5a5121c960bb9471927e6ff00f55324f2443b590f98c4104f381ed424dee2d10acdf698d36c4b0ae7279e7151858949027f948c919269a22796266127cfbb951f28fc2a5b563b0a46abe6a7f08e8d43d02fd0916de330ee47076e4af6cfb532492d92ea358c1664ea7b1a89d546e0cbbe466ddcff000e7afe14e8c404e66608bbfd726b4565b11bee30c9e5feed5492c48ddd42fa547e5c934872e5b6fde50318356b6094b6eda8379c67bd3679a1b747030643c135a24d917ec5376cc89f21058803ff00af5b51c056dcc7852339247afb567d823348491b9d8e0935a0c3ca5554700e79a50bdee29be832397c94691cf7c002a2b4f2dee80693731e99159b77311a83431bee0a724d6969c8b25c0edb39a6dcae9038a4ae6e2ed2a100daa0e0fbd74ba2d9f9119948c6e1851ed5cfaa35cbc5146bf393d2bb044da8aa7a80057a54e3a9e6569696274fba29d4d8fee0a75749ca145145001451450014514500145145001451450014514500145145001451450014514500145145002374a653dba532a580d6ed54f50d3e0d421d932fcc33b5c7553571bb537b7e752d26acca4dad51c1ea9a6dc5a34a93a1084e0483ee906b2514c5fe8e0ef4c7ca4718af519143a95750ca7a82320d62df786eca7903c43c83bbe6c72083e9e95e655c1b5ac353d2a38c5b4cf3d69e68a130ca9bf749f216eaa3daaa5e472c9292a9b8818e075aef756f0a068e292c599ca1c1563ce3dab0dac1d7cd255b6a1c300bd056128ca9cb5477d3af1a8ae8e543123685c91c1cf6a75aac63793c1db8009c035d0ff65c6c8db410efca90393f5ac696d82c9b0ae5873c9c714d4d3d0d9598e32dcc0ab2a9501d882a46431f422b523169a926d642ce83050f1fe7eb59fe5b3e7cb43b7ae0d2ca241279c998d86002a7818acef7d09953522aeaba5cf1aef8f9f550391586cac5029e0039c7a9aee6cefa0ba90c7247b24e70afd1bf1f5accbfd38c65a78f6e47504638fa56d4ebb8fbb33074537b1916534d0e1526600f6cf156ade2375703ce72c01cb67d2aedbab6c214a0dcbd48a961b598c9f7148c72a3a9fa7ad2954ea86a1d19a16e6dc43e52a0daabf260633f5348accc0c8c1005eac09c55162fe591b473c9723ee8f6a4d5a430ac31c1b961d9bb713cbb1eb9359a4e6d262694752fcaf3c70ac8927988e301b19fc7eb51067f240ddfbc6e0a9183f9f6ab4971fe83084ca36cc6d5c0da7ebd2a1bb9cb45199361995b93d5403593b5da3489224acb048661f21393c13b4f407e9510bad903acaee133f747afad4523ab842c065c6d0a39fcea2977fccaac24f2bf7873ebe82925765685bdd1799196390c9b8b6065bb73525c4d0fda0147f3005c0603383e9f4ac86be95902a4624c1caa01c83d78a8e39a43279fb19245c6171b73f41deb5509242b5f534fed291c05c052546d2189ddf4a23963b8da2499f2ca3a00367a6715986edcbbb15657ddf74f27f2a9239320ecdcbbf823d6a9c5d85a22f3082220a92415e4018de7d0d4570f2070e5149cf403207d2a03292cc7cac918032b4eb79dd237e8f2293b782719f6a8b37b8f626f25c05f25c1888cfa669892b4426642154fcb96393b87a1aa129755c925509e8a29ad709144238d4b92b8aae41a2d7dbe41d19a376182475ab51ea707991c9769b87dd62a3a5528629d99484e48ce5987229182b5c1126e52c76a6de99ef55b3b09f2b35a4d62ce6c946701ba109cfe3596d7e6493004b853ebda882dd46e1216daadd477ab234f475631ee2c32386c7e3f8d4bb5c128a218e72662d07fabe49dc39a4dea598803e61c87e15bff00af4d2db1444a77ed24e630011f5aa4aefe702c5893fdf5c8fc2a94131dcbe3337eedf2587ddee303b568adf241110b12211c00bd47e15871c82352acdb98ff0011a99518aa9b6793cc192cee38fa51c8fa325f99a0646b95633399158f009c1cfd2aacf09dfb9c307ce060f3c76a23bbb96e14003d40e692e6595594b8cb9ee7ad459dc698340ccc76b46995ce011f95360448f259c839ee3354a495a52c42e0e30c141000a9019b1900ed3d01e6b5e46fa99f358bc971b55a321b078049c0e7d2a4fed1b744225824618c7cc71fcaa8315f2b1201973f286c834b2b0c02eb8f5c52578ec2b465b96647b323cdb78845ec79351c51a1562422e067001e6917c998c490aee9b69203f02ab2c6431659019071b0e4e3eb4b96fb9a276d113b7decae4fd3b511ab0386cb2b701bd4fb629ab19dccb20da14f201e6a42d212c46e200db9c8f97e948a1de4062e645665db938ea2a23088d023630c41e3a0ab5079a136c8c1dbb97c71e99a9918cae481856c6e2c0673eb53ccd0af62be004f91837aa9e9444ccca7715d807084e31fe3562593c972015ce30e303a7a55688a066dff00709ea3b0a2c4df425132c8a19b6ab0fbc41c67f0a97cc8a452993b87cc3d0557736fb90c4554ba95c76e3bd36597caf3369524a8ea3a0a7cb721b2d4aea16324eddfc0c77fad2073e6888349b873b1ba563ff685cee728a8c89d370ce05279d3bc88f28552381b463ad68e92263cc6cb82df7d700f46539cd318101081ba3cf23a64f6e6a9a962ac4cdb3d4039cd2c13c8cb9f31b8e991c565c96358dcb971b658a365520eec3293919a452920f2d832b6790a7861491fccbcf2e07040ea7de991c6e6631aa82090771058fe549265683acd104f22b6e45c600500938e83e94b390523448c458186c73b7d8f73f5a9a61e4abcabba56c60ef038c7718aa924c8abbdd4b82410d4d36f4179891a30c464aec6e49c77a9a574312ef625f6ed4238cb7f9e2ab25db5c4c018d828ecbfcaac4b31590218c1e3ee8e714da6983622db48f02b3ce72782a3aa9cf7f6a47015a3531e08272e8d927d08a49ae3682b1c2c80f231d1bea69924b26c2b04e1805e6318fc7354a2f427987bdb16532ab96603240ec7d6943caaade5850140ce07deaa1149b1c08ae0eec72defdf1ed57d6dd44790ca4e32a03e79f7a6e3606fb8990cc5e47797720e1472295d7ca68d948901eab8e455986448998c6a59fbb75a826b766919da4c803240ef472364f3aea3252ceecd21e00c600c54f1590b98871d3b91d2a4b49d4ae1d17078e6a1935067905bc0bb00ea40eb5718bd1b64395f44588237b65411ee62739245471ab4ac4cfca82790314973398d118cc77f4200e94e79561548d8e77f38ad545195d8c934f57943e006ce7dc8ad0d1adcdcdcb451464b0e94ab13dde20b70598e0023ad763e1ed1574a80b390d70e3e63e9ed4e9d0bcd3ec6756bf2c1a2c69761f648c349869cf523b7b55ea318a2bd24acac79addddd92a7dd14ea6a7dd14eaa2428a28a0028a28a0028a28a0028a28a0028a28a0028a28a0028a28a0028a28a0028a28a0028a28a0046e94ca7b74a654b01adda9bdbf3a7376a6f6fce90c0f5a6b77fa8a71eb4d6eff515322a228ff55f8ff5a49a34956449115d4e0e08a51feabf1feb4add64fa0a87d4a2b4b6505c24d1b46801518214641c75ae6afbc3b3a2ed31acebb7e6910724ff004aeb53ef49f41fcaa41c7506b1a942353736a7889d27a1e776b6aab1491bbc7e60ceddfd0fb7b1159d79b9d884c150471d31f4ae97c496896dab09d54859873e99ae6afc98e5fbbbd07f0ff81af3654b96fdd33d4a75f9ad2ee557b7cc99df9910fca9fc447b0f6a77db77431c37440f566ce47f8d2d9cb11994247246edd1d9b773e956350861673be41180b8518ff0a5cafaec6fcf16ecc6369f2dbbacbb4481be6c2b70c3f0e950c97456631c76ed6e5fa86909535760bafdda94b98b0aa3e50db48c53e6f2250a654f91b07a7f234926b7279d5f52942e10c7b17079183c8cf7a4694f91e4c90f9b0b9ca9c7dd39eb53dc5ac1b99ad66f27fbbbbfad3174e643b64d41083d48ec7b53d505e2cad7526ffdd1dd1c60fcc14657e953aecfb3f9019594f4c82197e9ed486d27b5909f33cd4fe3e3e65153c90c77055e25c0e379038c77fa50d69a036885638c3a48e02b003054f6ee2a110cb3c32c91b84818ff00c09bd31ed534b63b6350cdb933964fe42a65540cb966c118254e40f4fd69ad02fd999a96d1e711170ebd189a7cf0ddae5cba48e83919da4569322ee5409b803cb0c74fa524d6e81b2aac40ea71fe78a99551a316696445533433297e41ea08f6a4b7b989571239dd9e0639ad3680b1daec5f38da06463dc5457f6d133231455007ccd8ebff00d7ab55149598591565b848ce58b966e570692196346656693cc392a3069bf66910318e428b8279e7f119a75bc6f136e91bcd6c0208e6b4691247242d70830c0283924e6a4114514008cac848c9da3f3153bbcb2371c2f7e2902b4511c2065232001923ff00ad4b980ae626dcc45c4e2323ae01e7d290dbbf94240fe68ea38c1157577c80636edc03b47f5a19829cab01d981e714397604d94d2e2579c6f859c9180b9f4e79ab51ea0ae0054d800e369c8aab24e9f690a91abe4677f4ff00f5d327920858b441c173960464134f953e82659668e49371450586188ef5246c6dd888e4c071b4e3b8acf4d4046cd887871df8c54eb74861f97e52e785269b8b5b0addd125c4676964da0f6e38a884534502cf1b166c659052c9708ab8037023934b6f3c623022dc573c293c8a7615da1f14ab2e0876527a93fe7ad36590b63ce60ea3d4f23f0a8240e6426289a324e40638e6a68ddd9079a88addc9a3957425b64514f0891802e09e77735248cd39089b495fba49c60d4cb022a2960b927190738a6068637659241b4f0085c9aa56e8652bdca91c12b39d843e7ef679c54ec8e8e1766573d09e45588eea300285670bd3e4c6e3ef482e593398db279527fc6975d0ad6da904df32ba98cb20fbe0f0714e8db6a848d76a63e5f5fa548f22b2005483d7279a612d21008519e9b7a0a56d352d3ec4c774aaaaeab9c60b81c8fad0889b5312828091b59396355199d65c19b628ea3d69c80b4a551f9eb9e7152e162932759819191a02d20ebce00a91095c85611fa927d7d2a1f20af0ac0c8724003ad4616651df731e4f722a74e855b41cf1cf0c997756507907f8a89650cc9bc3380bf751791fe34218a5cf25180c0de723ff00af4f692287e645f3253c6e3d29a60c49a245daeae54a1f914f04fb1a912dd1a440f27991939936ff000d54b9b767743bf9620be7b54bcbc4a80950af80a060b7bfb536ed661cb7d2e5dbc8edde331daa8001c0c8c647ad56934d95e340aa064e7f787058fd3daa72a5c06936246839c6062aa4ba86d7fdce4a63193fe7a54c5b7768396da227b88123086e155982fdc8c679f5268da36a9648d001c6c18e3deab8bb965521f6a8519181ce3f0a798c3a194f9af1ae0107a669bbbd18ed62622416e1a370198e0a9a824dca4a2c842af5c7527d29ff006690b99082aadd02f6ff000a91601f6839390793ef5281d88e37c98fcc976363803f887bd5948a2103eee368e149e2a94b796ac0e519db38181fcaa3fed069080d10441d323afd6a943ab13bdb4116e26494ac2a4313f3320e71fd2a6b7695946d40dea7a15f6a532b732b707afcbd49a662eaf0001cc71e4ee09dfdeb470d88e6239ccd3dc08a39772f42621dfd29e9a3aab0f30e067e6c1a742de4c8e9107418dbb9bab7d3d2a74982aed276f61ce40a2fd01b69683134db70c4124e4e54669df665b55124455a3ce0a8f5a7967653b254404ed048ed4b6f1cd09025f2415e8c338e7d451b92e4fb93e653013246b0ee1c10dd3dea8dddec6b188adb320233249dc9ad38ac25bfcee492e6427e5455c28adb87c312cd084fb28b753fc2ec3afa9ad631be9131738c7591c758cf2479120cab7427a8ad18ed51419e76d80f23d7f0aea6d7c1b00944b7770d230030b18c015af0e83a744e1cc1e6baf4321ce3f0ad150933196263d0e2a1d265d4a4536f049e5a7b7de35b167e0a124ff68d466fa451f61f5aebc00ab850140ec0628ad9508f5d4e796226f6d0af67636d64a16da158c7a8ebf9d5c5ef518a917bd6c8c1bb81eb494a7ad255012a7dd14ea6a7dd14ea648514514005145140051451400514514005145140051451400514514005145140051451400514514008dd2994f6e94ca96035bb537b7e74e6ed4dedf9d2181eb4d6eff514e3d69addfea2a6454451feabf1feb4add64fa0a45ff57f8ff5a7ed2189e39a9ea30401727b9eb4ecd1cfa0fce8e7d07e7408c9f135b0b9d2dce32d110c2b86bc03cb120e48e2bd2e74df048aca0a95208ae08592c8d346cdc7515c3888be7d3aafc8eec3497234fa1cc97686656dbb8139c7a5686a5874471d197351df5af90df2e491d2a6244da7a923053835c89e8d1dd7bd99cfca7cb93711f8f7adcd3e51756000392a71cd67bc30b3959095c8ed52e8e4dbc8d193946e95a29268b9abab91dc074724332919e56a186f25f2b60f98337cd91d3df35a1a82ede573b4f5acb2e62623f87be3bd4c55d5982d4d597cd551b256c74ce6a8bdccb1372ed83d7de88ee598aae06d6e73e944cc5c1e011d29a8d993762add9775f31dd87a66b42d2e61de36c7b4a8caaa9efea73dab26d4e1cb301b47515750a7da93801245c74a728ad90949ee492b4d22b334bf267840d8e3d703ad3bce98dba248e1933c0ce0f1dbdc53e78c22ae14311c1e6a83ec9588c6e7c7ae31f4acadd0d94aeb62db5d5cc4ccd9db137f07de0a7d3e95245730bae6583299e481903e9598525484280408ce73bb922985d82ae273938c11ce3f0ed55ca989bf235caab2abc5709f2f1b1ba8fa5096e150ede091d8f539eb594e6f06c28c8f9ce0ec00f1d8d4df699442922a22cabd01e463b914724ba325ca296a5a915c6f2df79b037a0c8ffebd45e710edf2120617703d7e9546fa7bab7843c45770395dbd00efc551b2d66f21b87327efc3e4ede8413e95a2a3271e9a11ed629fa9bec8aaa84b3fa600fcf9a65d463845273dc60006aa5b6a02e43f9919495006241f94d59b6d506721416c743c0a8b4a3d0d2f704855986c4dd8ec7fc6a76b166e547cc39da318a81f538832b1554c72446a719a1b51864650921cf6382a327b734af3ec3e5bf50bab0c15dea46eebc74a62446d37a794b203c231fbcbfe353f9e6dd882f97070096cedf5fc699ba0442ed3b125864819c0f5a14df50e5213b64dabb4abff00b43ad3e3b789544ac4e79e334c96eada784abbec63d0b0e3ea0ff4a88b45e5edf363e9d7774157adac4e85d6883a909b88c6783517964911f5239eb9c54713a47009048863ced690bf43e9ed4efb5242819bcb2a78dc0e684dad9136bf51db0e58332ee27ef0efed4d7818c61bcc704f03d053ad6e625dd261d84808041c0ab31ec680c926c1b472a4e0f14a551a1a858cf31c8d92ae700f4031cfad3a3b50a06e95b2fd8ae79a9dae2048dd95d9467a0e7348b2f9e0b4786e33c0a1498da56d08bee3633bc7b8c7e948012bb861467a7ad38c4496f322e579de6891c72aa4e08c9f6ad14d364f20f309765c2aedff00678c7d69e90baf0a0b93d71d2a82b12fb43b127b0a985c845dab29257af3c54bb8d22cc4c773ef3b1b774353c880a908406fd6a889e2501ddd58b0e9bbfad4d19695b215801c71935324af70570658d5bcb750c41048ea28628a374630ec7193d00a64d23432037242fa67a8fc2abbdf246c4159307a314cd5ad7613696ecb92c41644926910c607006463eb4e332950d061d4753838cfd6abc4d0dd4685437cdd8f14e173b6368eddd79cae7fba7d6a1c7b94a4b4b0456a647f32e5805c82172793eb8ab2cb1c6af141e5fcddf18fc39ee2a9dbdc5dc4ec59d7952a4e3f3c52c7233c83246f3d0f4c62a649949f7259d22de550ed0b818cf39a8dd241925d8679da79fc2ab35f3c264408a48382c4722a6b7bb958801547391ea4fbd52528ab89b5d0b1e59108d8f2ef3f7bb0a6476ae50fce4a8ebfe7d29d1e4b12dbb24f39ef52c20a96663f4f7a96e42e6440f0792400e113d477fa53d9e29984666023f52bb727dea39490b956e4f38eb8a8563f9fe66e4f27be6a9376d42c996a0b456dbf21f98f257b7d2ae98be7651b62887f7539c7f5a5d3e32ecb93903a558c879a446edc55c539ea6129d9d8cf6545037a076c704fa52c01483f285183c81cd3266dd2b03db8cd323dc7815a59244b6d84d2f96309dba679a9b4d49279774a4b1f7a6dc4463d84ae49abda5c4ea0bb8f98d42b6886de973b1f0ac3b639a623ae1456d32e181ed55f4687c8d3a20472df31abbf857a34d5a28f32a3bc995c75fc29deb4321539ed47ad688c98a7bd141ef455080548bdea31522f7a000f5a4a53d69298c953ee8a75353ee8a7532428a28a0028a28a0028a28a0028a28a0028a28a0028a28a0028a28a0028a28a0028a28a0028a28a0046e94ca7b74a654b01adda9bdbf3a7376a6f6fce90c0f5a6b77c7f78538f5a5518393532290f550a30334bf9d26ea375210bf9d1f9d26ea37501617f3ae3b5845b2d6b0170b29cd761bab0fc5302cb6f0cdb7e78dfafb573e215e375d0df0f2b4ecfa9c8eb10b2b93d9ba550b2c8df091bb3ce6b575773e4271d6b0ace6f26ec03cefe2bcf94546a348f4e9ddd32bdfa60b738c1e2a2b598f98176a823bd5bd510ac8c0f51556d2370caf1a82e0e4fb8a17c3a9d0b5469ddb6f8924ec47eb58f702552ff0026f561f90ad1927560b181f2af241a8e6914a06501401f7bd7da9293bdec4a8a467db0326370e9daacdc2948f0b8c77e6aadbc9fbe6c839ce7356d959c163dcf4ad5ee4bd0af133b49d07038156a20fe6479e84f7a8bca309def927af153090cb17cb90d4a5be824ee6b5c28c71f29c7031deb2e75058b670b9fcbf0ad56f9add64ce780466b32e9994124020fa75ac9fc45436212124562ccaca3ee678fc699f332fcc5709c91b7903d7ffad556490bb8c923fa54903baca56573c8eb9eb5af2d914d5cd28846d083919ec4715198d7872087ce01f4a96dff0079065b21f0467e948a8fb06fc063d4fbfad11662d19d7e8705c1604fde23a7b5675a32fda6318e37735ab7887200467ec703ad51bb84aca970a85909c315e307d2b5834d585cbb336becf1ee195557e4fcabd7fc6a268622098e200e7af76f5c55bc6e863638dca3af4ff26a1756c019230d8f607ffaf583562d4999b7202ca7aa8078151ec5dc4860077c74fcbd2a6be0176fcdf3739c76a804a17b120f3c76ad15ec69725b76fdf2b8c73df1c0f7ab6f688b10d85b21b9c9c8aa90babc8acbc1273d7835ae8c1977aa02318c28fe62a25b8a4da33bec303b06766751df38fc2926861110d89b42e7686ad2da9b51ca039078f5aa374db151572c58fd7268bbbee4a7732d73b1d79f2d8862b9e3eb4d8e3fdf28fef54bb5a377f314a60f1df1ea28231749b39cf401b35bdc2c8bff00670aaa11c87ce4ae320528843b286932a33c85e7e94e5390ad16e6cf24e6a566c01c019e719ae7d47ccf633654daed80707d3d6a38a56691220c10b36d2ddb1f4a9ae6670e501c28e578e9f4aa8d8057be4f22b68abad4197a0329760db815e08cf4a9668fce8d9324065e7d2a1808393bb0c0f1e86adb231931bf39e481593d1dc1b2b259950bfbc3b41c1e7ad55bd0ab3ed8c30cf5038ad58d724b17c21ea0565ea240b938cfb0ef5706dc896c8191a494eec87ed9ed5a315d4d1a04693be7207cd9fad67ab6f618380a3393d6b45301704066f41cd54fb1290d7065919e490b333658b0e49a74b958cfddf9795c73cd588adcb90ad903b003a5417b13282990b91c7b8a6dec428ab95e5bb91a344da8a14672a307f1a480e0b004ed27903d6a29200641bb393f77b54b6ca571d79e0e293b58d946c5f453215da0823f1a1615332090b6cee7bd5a85309c8031da96fd163b4691490c077acad744a95998b76e65b89a445c4648038ec3819f7ab36d18183f301e8696da6cc1245b47ef183138ef562388aaae082a3dbad36fa14dd89e156561950437391c9cd2cd2281b1be5e3823f95488369c1040ea31556ee4272a3009e3eb44b6338ee53dc47527d40a7c630549cb3e79c555998c6ea1b927b83525bdc387f968e5d0d756749a5c643838e833496e55e467639c924fb53adb30d9bca48dc53d69900115ab739c2f5ad69bb451cb2576ccd990b3330cf2ddaa7b38773a86e9de9e8032e3153582fce73d6a16a8b7a05c2ee9f0390bc569d841be58a3c72c455458ff007a4fbd6e78761f3b50562384ab4aefd4ce52b44eb514222a8e8a314ea31ef46df7af46c7977138a89976e7d0d4db7de8da0f5a10101ef453dd08191c8a655880548bdea31522f7a000f5a4a53d69298c953ee8a75353ee8a7532428a28a0028a28a0028a28a0028a28a0028a28a0028a28a0028a28a0028a28a0028a28a0028a28a0046e94ca7b74a654b01adda80bea69eb4b52c620c0e9466968a402668cd2d140099a334b4500266a0be816e6d648d864e323eb5628ed49abab31a76774799ea8f22031b0e9d8d60c187bce4857078cd755e20b7912ee6deb827902b9a78d46e942e5c57913dcf6e935ca5fbe884bb1ce0e4722b38cad0e428f6cfa5695a83358a96ce41c1f5aa73c0cae70372d44b7358766548e4cb90c576e7f5a9e7801855c0c007a1a8e1b605887521bb7d6b4d57cdb50aca0e3a9f43549a7a209bb3b9cf2c61660482371abea8ca32c4b01fa536e235572dbbe98157235262de73cf231de872bd9848abb81201383fd2a68215c93c91edda91e205890b807914dfb42432e093b5bd29cb55a19a35554b59a2b755f415937ebbf7b33046f5cf51e95af66eb2dafc992b9354751b525770639ce307b0a97ba9154deb630a2c120ae705b0c0f4a7bc3ba4c439c6392dc60fa5596d3da62c51c2b01bb07b9aac0b900c921c1ea4d6bcd7d51b58d0d3dbe4d92e0b29dd9356994818070f9c73dea85aaf91262405494c8cf7f4ad5206d53b80ef9c7159f5319ab3336ea409bd4e7e6e0d65cb2b02f1a8c0e873deb56fd11b206e0739391559ad635b5572c4eeef8ad212b0248bf660b59c79c642e39193ed9a5903b601c87c608ec699a6022ddcaf4e475a9275648d8f38fbd93d3352c56b333264de595d8924f18fe5555215dccb97041c73562fbe6600f04f7154e590a4879dc07f156904dad0d0b71c4a92a053920e08c7435af0aec0a41cf1ce4d60db13b81ddc6739279adf8550a0daad92319e99ace774d132d888ee39ebc64f5c5427e42d23ec0b8e0b9e38f4aba5422ed27207f17ad54d43679318604a771ebce697526262c8ed348ce09383919ef53db2452e5b6b1910166dbfe7ad5a6b2db701940407078e98f5156a578a28d7ca1f30e010319f43ef56ea2b685d88ad54855280608e727a54f2213c310a0f5e7269d047b1724f38e5b3c8345c2858ce0649e318fe553d087b98d78f991806041e2aab2bbb07625877353dd432094ef429b78e69912360b63e51d8f19ade2d2455ae5db528630a00c83c16ef572205976b2138e98f4acfb0620f190483f4fa56c46a31f29000ebfe7d6b27f10a442c30091ebd4f7ac7d41c3cb9e413d6b62e51c444f38c93f4acabdb5646570e1959413cf4a70694b504ae8ad1637019ef9cfa56ac51b38565239e0003159614ab0c0c035b16630012a7eb8cd3a8c76b22e471b670c70403c83cd56bc8ca340c9f7b711cff235793287ae14fe75535690058b8e4f6f4a9be96338fc4426149a759085247552dc63e94fb6b750f2151d4e541e8a2aac1966ddd056922b22865e7eb517b3b1a489901c70465b1f8d57d658fd9bcb07ab018ab518dc724104f5c76aa3acb169234e0639aa4ccd2d4a76c87703c8fa56a28dd8dbc83e954ad485618ce735a2858fdd01695eef52a63f69c1e85ab39e269bbe012739ad98a3cc79ac999196eca93851ed44f457153d599b35b61803927b7bd5cb3b5242b303bd7802a7921566014fb8353c16fb5f7eec91c7153cce4ac6b292489dd7659142792c01a99866d48e84d32e57290a7192726a59c030a0cfd6b45d4e56548c151d3eb56ed10062c07415586436d1c8357e10238c9f5a20f5b0e5b0c0c406635d5f8520db13c87ae2b95704c8aa3a135dbe82a16c41c6326b6a2af53d0e7aeed4cd3a2933466bbcf385a29334668016a378f3cafe54fcd19a6041d0f3522f7a7300dd690003bd3b8087ad253b6fbd369a63254fba29d4d4fba29d5448514514005145140051451400514514005145140051451400514514005145140051451400514514008dd2994f6e94ca9602af7a5a45ef4b52c6145145200a28a2800a28a2800a28a280307c5167e6ac7301fec9ae16e602929c7ad7a85fc3e7da489df1915e7fa9c7b24af3f150b3b9e961277561b0a808f9e0119c5546976332900a9a96099778490e09e3eb4cbcb7d8dedd78ae3abaa4d1d905ad99033838d800a96dcb794c179c9e7daaaaafcdc9abf65f2b953d08ce6a20acca995ee2db63151cfcbe94eb28c7904303953572f1c23a315c8c60e3d29b6ac8fbd118105739f7a1eed21733e5d4cbb8631b1006d3eb54a4652d865247f2ad7bb80be463bfe7ef599341e4e4302573d6aa134c764d1a3a0f36f347e8f91f88ab17499538008e9f3556d0c61a653fc4b915725560b8c018e31d6ae7244455999e5cc4d26e01b8e3355a1863660c42b291d1ba29f5ff00eb55e906c051906d3dfaf15024415c01b769eb91c0ac94ac7427a15183028090cc5b218771e86b51c654024003fcf159e625697238f9f2a83b56b4918f2bbede83dab58bd08a8b633ae3fd5b06233e838359dfbc0af0646dcf43d47d2b62ed5802c4e48007d2b1da3c927a93dcd38bd584763434b4658e58ce7a83d6acdc2ee278ca7193553480c253b88208abf228209c06fc3b526c87b9877c9e5286521d376483dbd8d67491bcb9755014606076ae82548d96589d7224181e80fb5548f4fd86312c9940390060e2ae151451a6fb956d63cc60bae1474c75ad5b4cb20dd8041e84d5468d2d46771751f771c1157ec8131062464f2c33cd26f99dc27b1293803382e3a9ebc543a82ee5200c7f8d59619f98920818c01505cf29f2fa734a4cca3b94a19f20a38c91d3d3e87da9172d2a138f979c76151630ec075eb53590dd392467d050f4d4d2fa9a4a30146d18c71efe94c6c007200239031d0d4fb485f9f9233d3b547b723e4e3fd9c73491999b3482e3e561b586413d8ff8556f2897c8528a3a0f6a9d94995f07186cfbd1349238556c019edde9a76d11b264d04acc8c142aa0e3380339ed56d47ca14738e401cfe351d9a031e30307b6339ab4abce4e013c8cf5e3da92b194b564122920a9db823eb5908a030466ef804f6adf6036e7a9358cdf75b118c93c935571c08d6142ea1303d4f6ad18630a09d99dbd09ed9aab6d193c700d6846bdce3df9e6a24f52a4c7aee326dc70a3ad666b03324614f41cfbd6aa86c1033cf2322b2aff00e6b86c0ca802ad3d4cd2d48ed00e9b73deb5a30bef8f4acf800550c067deaf236003c616a1bbc8b91322057033f2f6ac9d4b125eb73ca8ad98ce41c9e4d61cff00bcbb91b239356447716d71cf1f5cd69a602ae41e3bd53b78fa7191dcd68c4bf746dc01d454a7763996a3fbbeb8aad344b2c9b8819cd5b5cfcd80307a62a19102293d4fa035b4ad6305b95d5150f41e99a9a28431181cf7f7a7a463686c7cc7b7a54b6c9b4935286d952705af703a22e07d69d7270ea07551c8a4b76324aec7f89a966399db8ce2a774d8edd083712f91c5686ec4283fbc6ab261b1c0a9d9499631d8734e3a04b52789375ca28aef2ca2f26d634f415c6e8f11b8d51540c85eb5dc62bb70eb56ce0c4cb641f951f9518a315d47287e547e54628c5001f951f9518a314007e547e54628c500151d49dcfd2a3aa404a9f7453a9a9f7453aac90a28a2800a28a2800a28a2800a28a2800a28a2800a28a2800a28a2800a28a2800a28a2800a28a28011ba5329edd29952c055ef4b48bde96a58c28a28a4014514500145145001451450015c46b76de5cd2a81f75b8aedeb9df1243898381f7d79ae6c446f13a70d2b4ec707287f3b27b56acdfbcb757ef8aa97311f31b27a54f14bfe8654ff000f15e4db4699eb37b329e382475ab361febb93c915549e4f3c558b560b3291d0544372a7b166f933c0ed54ecbf75789fdd2706b46e4655980e6a8edd9229f439349be5992b589a37110561fdd3542e62475e47cb5ad7322ed1f2f5159b2a331c632055d5493d0986da94f4f4305fa73f23645685cc6036d50430e73d8d535016643e8456a5c1007ddc83e9427cd1d4a7a48cc238da474eb48ab8c819207438e956255c95e9c1e0669247c63628e2a52ee36c822832e180e4355d65e4a9e3d29b6fb4e5083f3720d3e4f91b81c1e2b58ae521b72667df215857764e3afd2b2421dd5bd75c4641cb003a9ac56c87230334efa9ac3627b15db38038cd69dc0ce028c823a8f5acbb525268f38ebd6b5e61c0c7231cd2b90d6a50b98b7a0210000f4e954c4e40725433035a3283919e3e9d055190224a78dc0fad2b97121b95f39721324e33b7a568dac78b742bce3d7ae6ab47c2280a464fe7f5ad384623c0da01e7d73ed5517d0537a15c82849279ea31d7dcd41767f760302431e2ac9401b8caa9e9bbd7d2ab5d47b46e3f4a1b122908cb9db8e0f39f4a92d808d895c919ef48a1c72bd3b934f89464e0743437a02dcd063f20c8c77dc6a00c036c009201391d2ac2ee29807af00ff769be59084963939cd4ad80cc540f33f500fa546abba439ebef53b70ce4a93f4a8158337193ef569e835b9a16e76a9c0e7b55a18e485f9ba9c8aa90022360adc819e953c7964c3952d8e0a9c715316292093214f032074ac720b360722b5641e5a900630300e73541b0d370001df1549ea1126846303038eb56a3ea72724f3ffd6a8635e78031eb538c841d71f4e9595f529936303e6391ebe958b31df231dd9e6b5e46020720f18cd6300b9279fc6b64c84b525b623a74ad1801da0fe3cf4aa76ca3db9f5ad088609ce4e460567f68b90edbf2b13ce0673584b92e722b7eedbcbb473819c638ac3c1ec319ad08816ed3818ec7f4ad083d14923d4f7aceb6f4ef5a50640e86943709a2c6d21792735016dcc4ed356b9da49fd6a0c83dc8feb5b346035413803a1f4a9e46f2ada53fecf5a8c6131daa2d4df6daa2f776152b42ad7690db151804f6a825259d9fd4d59b650a85bd05563cae2a3ec15f689edc07c1ab28499c9ec054168b8e6a481b22463570224747e1083324f39fa0ae9eb27c310f95a629c72e735af5e95156823cbad2bcd89452d15a9909452d14009452d14009452d21e868010725a994e5eff4a6d5a192a7dd14ea6a7dd14eaa2428a28a0028a28a0028a28a0028a28a0028a28a0028a28a0028a28a0028a28a0028a28a0028a28a0046e94ca7b74a654b0157bd2d22f7a5a9630a4a5fc6933ef48028a33ef467de800a28cfbd19f7a0028a33ef467de800accf10266d15c75535a79f7aafa84426b3953a9db9151515e2cba6ed24ce02fa307e6c7355121255806f735a778a4c4703906b3a07226da4f0dc578d517bc7b306ec5568b6b1e7e5352ecd8aa54834e9c00c79e29a899f9874158c77d4d64f435653fbbcfa815424cd68050d6a87af1555e3c924fe153553e6262f42e467ccb3524678c55495fb0ce7b558b17020753ce0d57b86e7283eb5737eea628ad5a29c9d73dc1cd6a86f321565382475acb753d4f19ad0b223ec83d46454d37d0a90c6419e179a89e46dbf2ae71d453a4764206719ec3d2a35c12fdc1e706a9790344b16186412437614f7fde202386fa557cb06000c7b62a74632213fc42b46fa11d4867cb290471ef58d2215638eb5bb3ac6555a26604fde07b7bd645e2157e879a4f491b5365746f9d7039ce7ad740e03229db91d715cfc11879157b938add6501b676faf414dbb112dc6ec03e65ee3bd664ea73f7875e78ad561b94e3395e80f5acfb8fbd8f4a996961c4817a6718e9f8d69ab283ca9fbb9f626aa4717e7e99ab5091f74f5c7028bd85b8d7c615b70c67b8e9ed505d2fca78383cf356ce4fcc7a838fc2aa5ce4363af3d686c68aa8859800c01f4f5a7a90adc0209ed48a016207073dbbd2ae724139f42687b02dcb70f318209527ae3b52cbbb631eaa0607d69d6eb856248c1e692423631e783de85b03dccc918aeee793fad47d7040c1f4a7c8379fe74901cb0cf357d0696a5cb48f70e4903b1ab6a31c8c73edd6996c78040ce3d2a7070dbc0c13c71e9531264f52add74c1c8e2a8c8b86508003ea0d5db99373162011d2a9bb00e060609eab4204b5268f2b8c71ebc5585e501ce41e95120e4127353a60e18671e9e9508a6173cc27031bbbb5664980d802b46f1bf76370e3359c41624f1915a9089a1639e3a55f87278e98e322b3a138240ad0b52d81b8039ea7350be22e626aae56d00ea58d64820f0462afeacc0845079506b350ef5e056ac982d0bb66a77fb569c21830ee3f9551b5c0c7193daafc6ff0021238a50dc9a84b348178249150ff778f7a8ddd8ba16a5f3087e781eb5b3664901626520e3350ea8fba4823e80735228cbe78c9aa77af9bcc13f70564de8cd22b534237516cc7db15553ef7b54c9ff001ef923ef557070f83c50f6425bb2f47f2c2cd4e817f7631d5aa199b16e31deaee9b1f993c09eac2b48ef63396d73bad3a3f2ac614f4515629146d50a33c0c52e7eb5eaa56563c87abb851467eb467eb4c414519fad19fad0014519fad19fad00148c78a5cfd69ac7a50340bdfe94da72f7fa536ad03254fba29d4d4fba29d5448514514005145140051451400514514005145140051451400514514005145140051451400514514008dd2994f6e94ca9602af7a5a45ef4b52c62375e99a4c7b52b53722a18d0b8f6a31ed4991464503171ed463da93228c8a005c7b518f6a4c8a32280171ed4633c63ad2645191401c56a51f9734d19e304d73d92b700fa1aec3c43005bc2ff00c322e6b909d764c78ef5e3d74e323d8a12e6896e78033e4f4239a864daa30bd2ac3b178108f4eb55198827dab093b3d0d92ba356cdb7598e3807151c8a49c67149a6b0304801e739a253b5b8ef44f54894b5616ac164dbd9860d2cfb524381d6a18ce2706a7b9504f3c1acdb6a234b52948dbbe9daac58e0c12a9e80e6aa4a72719c1152d83113104f0c3144372e4b41ce9b981c9c1a708897c9c003a62a465058e0f1ed4c925ce5ba2f41549a484f510855e0f3b47e3491c6cbc2b0da067eb517c8f8c3104feb522ee4500104d5c7bb25a1e5d48dbdfb5675f1cfcc7f0ab121cb2961dfd6a85e3b19318c01493bb358a0b5e668c81c86ad89b07971923bd625be44887a60f6ada6033c1273ce0d5bd1912dc6c61b70ef93cd54bcda266f98633cd4fbd62f9db93e82aa88fcdcb1c7cc6a64d304ba82c8635258138e066a68f9552393514b16067df9cf6ab5027c809edfad4b7705609b0a14e39ff67bd5591b8e7a8ab3206df90dc63200aad29f4e47f2a6c68876639ce30695594b63249a00c9e9bb1da9db70fb850f6256e5b88a8e80ff004a8ae4e216da00e7a7a53e1e7eee49ec3344ca029dc496eb4e3f08fa99b9c3134d87ef75cd2ccbb9ce0e31da883209ef57d0b5b9a56ee541ce3d88a95a5f95c2919155a01ea76e3bd4e5422e00c93dfd694763392d4acdc28cfe551aaaa64ed233daa4946e1e94c190796cf7cfad4ad83a8abf2609c73e956edf904939f4fa5536cb61baaf4a9ed49da48385cd2d994d683b505022539c9acd072d5a1a910aab93c66b351b731cf7ad5a261a92af0e38abf01e406aa040541cd5fb46cafcdd40c8e2a56e54b62a6a04999c63d85558f0a5578cd58b821e43c1eb55dc65b3d3156fb13065f83248e993deae91b50ed1d6b36d5d08c1ff00f5568060b1e4f3e94e9ef626a112063265b20fa538b31273c528e318c7b8a32af918e954ddb4209235c1dc7a01590ade6dcc8e4f56ad3b993c9b3908f4ac8b0396f5a992d0b87566ac8db2dd01ef50e436083f35497073b17b1a644a04833d45579104b29f96343d49adff000e5b97d46327a28cd609f9ee571fc35d8f85e0c6f94fa6056f461799cf5e5681d0fe747e74515e89e687e747e745145803f3a3f3a28a2c01f9d1f9d1451600fce9add69d4ca6810abdfe94da72f7fa536a903254fba29d4d4fba29d5448514514005145140051451400514514005145140051451400514514005145140051451400514514008dd2994f6e94ca9602af7a5a45ef4b52c621a6fe229c7ad308150c685fc451f88a4c0f6a303da818bf88a3f114981ed4607b5002fe228fc452607b5181ed400bf88a3f114981ed4607b50063f89933044e3920919ae36f23cb1ed5de6b718934f908e4a7cd5c35e11ce6bcec52d6e7a3857eed86da7cd6eca4f2b504cdc918a7e9f912b03c86144c80371deb86a6c99db1dc9b4b2019147714eb87e79351d99db20c639e29d71b437f314a5ac5097c44464c118e4f5cd5c99b7a027d3ad6736d2c361ab65b75b27ad43f85a2ada94e62067d7da92d9b6ca983fc54d973bf81c1a8c652504f18a715a172d8d799487caf00fa546df748fe23d454d3a9c023d33554b36e25b00fa0aa6acf4335aa23f2d23e47de3d3d2ac8194dca38c739aaf22249b36336ecf23d055c8ced5c3006b4b684b6569e3cc60b1181d45665cae5810dc56c4a7240c704f19acbba2031151b48d60c822ce78e315b006f8548386e0d640c76ce6b5ad3fe3d8ed3ca9fcea9932dcad2c2cd21cf231c62a58d4203bb0ab8c6295c946008cf626a295b2320f04f4359b1bd48d9c48490c300f157a2208e3838aa04297da08008c9c0e953e1d7bf5fe5556d2e4f51f21c37ca320f24ff4aa729dd29cf5f4abcac0a0c9e3b0aa53105f3eb48a4350141f2e3eb4020827b8a4181820f04fe74f2992403d7d6adec4adc7c019012bc918ef4e3931ee23d8fb53a25c1181bb14e9546d20753d47a54a7a14f7326523cc2ac383de8b7607390723b51306f30ed1d3bd16c30e7249ad7ec94b735ac1c2b6e7048c60ff00b352de34476b275c7240aaf09dab8eb9e29643b548239ce28537c9ca64e2b9ae57239e5b9f4a6727e51d7da94063216c7038a631cffab18c763536b21adc9550804138fe55343952a33c03f9d3611951903dc54f1823192304f1c5424db1b654bf61e600c474aa11f27a55bbc71e63703d8556857392477ad6fa040b11807008fc4d4eccd1c590322a38d4f43c64d599976c391cf7a98abb09b284858e79ebd2a3ce08ddf81a598739195a45f9d8283c0aa628ad09ad630cf96e076ad2941f270b8e2a9db0c0c7a76ab72fdd001aa87564cd8c74319de4f514918c77f99bb531d88c64e477cd35586e5e7834ddae4ad83566c5aa460fde3cd54b140187ad3f559b74c883f8452dae7701d289971d225db82a1973d85111cb83daa2bbcb4839e8296df2339f4a6f733e85bb331f9d216ea2bb4f0c64d8b311d5ab83b4f9958f7cd7a26851f95a6420f048cd75e19dd9c7895645fa28c8f7a323debb8e10a28c8f7a323de800a28c8f7a323de800a28c8f7a323de800a6d389e3bd3684342af7fa5369cbdfe94daa4264a9f7453a9a9f7453aa890a28a2800a28a2800a28a2800a28a2800a28a2800a28a2800a28a2800a28a2800a28a2800a28a28011ba5329edd29952c055ef4b48bde96a58c43d698dd69e7ad31aa19484e3d0d1c7a1a4cfbd19f7a450bc7a1a38f43499f7a33ef400bc7a1a38f43499f7a33ef400bc7a1a38f43499f7a33ef40092a89227423ef2915e7d7d1ed9181ea0915e859f7ae2b5c80a5f4ea0704e4572e2a378a674e19da5632a021265a7dca1078e95037cad83daaccc77a291d2bce9eb13d15b9045849158fad4978403d6a070432f3800d58bd50c81875c566d5e25adca218018f5ad38d375aa738e2b237313b4f7ad7b5756b4519fbbc1aa51ba613d0a129c12075cf1503b704f5353de0f9ce31553be73531453d8db326eb78dc9e0ad5391f0c4e39f4a9acd81b300f38e39a8253865e09aa92bb33892c321e00efeb56b61fbdc019e2b3d5ceec630339e6ae44fe62839e3a735aa5a5897b8f9546091d4f4ac8bc03756b91f2e33cd665e6371c564dea6b0296edcd8506b574b62d138ce79aca8fef72467d6b4f4a27cc70c474e3154c52dc92e40edc645571e846462adcebf315272715531ce3818ac9e8c6b622446f381400eeab441da37138e9cd4607f70e08f6a7ab3953bc0dc3a66adfc24f51769e70783d2ab5c0f9855bdf851d2a8ccfb9db6fe06a122c6875048efe952236e00ff003a81582f0c78eb9c549112dd7af5ad25b1096a5c8d43039ebd314b36dda7921bb014d84fb91cd366e84738fe552ad61bdccf9465cd36007763bfa0a739dafcf1914db66cb6473cd69d0a5b9a518c0e5410291c7cea71953dbd2a48fe652482a47502924503af5a94b421bd4a92901b76785f4ed4cb7fde1248ea7b54ac0306dd8c77cd362017217ee9aa6fdd12dcb8a30b91dba9a72f1863fcaa346611e3be7ad3f0563763dc734441999700798c79cd321e339e0d48eb905b38e78a8e33b73b8d37b15165b854900f71562e1f6c03b026a1833ebc75a75cafc83b93dbb5282d499b294afbba018a48970f834ddc4ee56eb52c49bb196c629b1a2e46718038a9a4271c76a644083ea296e250919f535a4168652dcaccd93ea0f35242a198605564193c1e0d5a830aac7382a28dd8f6464dcb7997d27b1c5685a0c85e2b2a362d70ce4f526b66d76a8c8e98a725ef0dbd024e643ed4fc9f2c9e9518c16cfad4d22fee40f5349ee492d847f717fbc457a55b27976f1a01d145705a3c5e65f5ba7be6bd0b91c0ed5df868d91c18a95da128a5e7d68e7d6ba8e4128a5e7d68e7d680128a5e7d68e7d680128a5e7d68e7d6801add29295bb52531a157bfd29b4e5eff004a6d34264a9f7453a9a9f7453aa890a28a2800a28a2800a28a2800a28a2800a28a2800a28a2800a28a2800a28a2800a28a2800a28a28011ba5329edd29952c055ef4b48bde96a58c43d698d4f3d698d50ca43307d68c1f5a5c8a3228284c1f5a307d697228c8a004c1f5a307d697228c8a004c1f5a307d697228c8a004c1f5ae73c42a62be1230cab2fe75d264563f8922df6f1b8ec7159d45ee9a527691c5dd3abc8ccbc0a746c5ad871c8a86e14ac8e3dea5b6cb2b29e38af2e5ef267a8b4b10c9b997bf1d2a7b861e4a1248c8a8e47f2c9c7e5413e75b06ef9acada3469d4a9df23ad685a719c9c6e1cd55601473c52d8e5ae48ce45111c82e49c93551ff76149e7357aed3b67a567c9c64e78a98157ba3474bcc9e72a2938e68656f98f714df0fdcb4170db8651d71c54970774ad8e324902b7a918e92bea6116eed1124817018e722a5b660bd7254f20d431a96dd8078a542d1920b029d314ae558bbe692832466b3aefa93dc75abc4742a3271d2a8dd9c753df3593bdcd205304004e3201ad2d3c8f3863a9159c5be5c7735674f1b6653c9cf15629ee68ca79393c76aafcb1c1156a719ea3e5c554279c038e7a9ac816c19c37236e2a71b5980383919cd57721b70cee3eb4b6a1f1ce368fd6b4be845891b69560cbc7b0aa3346518e38e2afb119240c01e95526e386e7d0d4234454c8da7fbdeb52dbfcf8cb555931b81506aedaa0e307dcd5cb6197150228dc323a8f6a8ee18ede47e3539c704e00aa97cc7854c920516b2216aca1396df90339a75be44838c67b531890c303269d0e43e589aa7b148d78c6c507bd3676dca72c29aa7e5009e31d4d36660579233509e9625ee5697e5eb920f6a48db2c547e744af90471c1c0a6c048600738ab92d0225d519040279a74876c4464e2999caf4fae0d170dfb8cf53529584ca533f1d3815127273d8d39b71462e7e527a524673f77a0e99ab91502edbaf1db9a2fcfc8a3d29610481c532f81f9703381d29408919ea4ee2c7bd5b80e7a9e6aaa919f4ab50280724f5fd2a98fa16a32077c014cb8c48df313f854814302a39c540f20dbc9c135a2d1193dc8c91bb09f4a7dccbe5d8ca7be319a6a818ca9e6a2d54ecb20bfde34455e4127a19b679fc6b722cac181d6b2acd54e0d6cc23f7607614daf7857d2c451820f3561c93b00e82a14058d59dbb547a9a85a8d9b7e198fccd481c7dd15da7e15caf84f1e7c8cdc6075ae9fcc8ff00bf5e9d15689e6d67790efc28fc29be647fdfa3cc8ffbf5b5d190efc28fc29be647fdfa3cc8ff00bf45d00efc28fc29be647fdfa3cc8ffbf45d00efc28fc29be647fdfa3cc8ff00bf45d00ea28fa74a2980abdfe94da72f7fa5369a2592a7dd14ea6a7dd14eaa2428a28a0028a28a0028a28a0028a28a0028a28a0028a28a0028a28a0028a28a0028a28a0028a28a0046e94ca7b74a654b0157bd2d22f7a5a96310f5a6353cf5a63543290da2928a650b452514805a2928a005a2928a005aa5abc7e658480751cd5ca64cbbe175f514a4aeac34eccf3bbb8f2fba996adf39f7ab97c9b1a403b1acd4701bdebca7a48f563ac42e895ce68b16cdab0ff6a8b91c9e739ed459aed59011c1e6b18adcd7a115c1c6475a5b2729228c77eb4d981de4f6a2da42250303069c025b16ee88249041aca971bc83f85695c77acf70437383cd24acc6b61d60ecb3a8e8338abf302aeccd83e9595148c2e635038dd5ab7246efe629d44da44ad190c92811039c0ce38ef4b6e0161dc763400ad16d0012cdd0f6a92353b997036e7b715696826f52cbe71f2f191d6b3eef209e38abce7e4c024e2b3ae09639cfd6b36b52e0ca7bfe7e9576c5c0994eecf35508504b609f615259c8ad3281d49abe8127a9b53742c067d73555ca8c92339f4ab52b1f28107a0e7deb3cbf98ecabc807f2acba82d863bece80fd455881f00e7f03eb55f71f9b8fba6a78b0178e076abb6826c987cca4a923b9aad7182393ff00d7ab3bb647effceaadc8c27d6a114b728b7a678ab364c51b9e41fd2abec254e460fbd4d660b2e1b1f8568f60b9a2d36010c76e067eb54d9d6505bdeac4673b55c0283839aaf765010225c2fa54eeae25a32a4bb4c83ae3b9a501430c1ed4c9173d471491ae0ed2738ef57d03a9a313e632a69b213b486c67d68b71c73d0f7a2e770e05421bdcab3f4fbb93da960042e48c134c66c3fcc3a702a58f0ec7078ab92d048b88005eb827ad36e71b38ef4b11c8f9ba7f2a86e9b6e07af353142653938ea383eb4e80648c74cd452925be6e7d2a6b51d16b49ad020cd051b7045417b27cc14f5c76a9a253ce0f4aad74dfbc60d8e054d344c99582e091e95622076e48eb5511896ea413572362a307a5558772d20f2e32d9aa133965e9c93d6ad349ba1231c5571180016f5e056a96865d4742842f1d2a9ebb2f314439ef57a323771597ab93f6d038200aaa4b526a3d02d9beef1cd6c072b1807838acbb0c0707bd695d49ba4518e829c969712777626b5209c9a95db32803a55689800483d2a489c3b6ec73597916ceb7c32bb21964209dc702b6bcd1fdd359ba226cd3d3a0cfad5ffc56bd1a7a451e7cdde4c7f9a3fba68f347f74d33f15a3f15ab207f9a3fba68f347f74d33f15a3f15a007f9a3fba68f347f74d33f15a3f15a007f9a3fba68f301206d3cd33f15a747cc8a38eb4017ba71451456840abdfe94da72f7fa5369a2592a7dd14ea6a7dd14eaa2428a28a0028a28a0028a28a0028a28a0028a28a0028a28a0028a28a0028a28a0028a28a0028a28a0046e94ca7b74a654b0157bd2d22f7a5a96310f5a6353cf5a63543290da4a5a38a6509452f14714009452f14714009452f1471400951dd4e96d03cb21c28152f14c9a249a3292282a7a8a4ef6d06ad7d4f3bd4b50479a52a38278acc572dcf6adcf13694b6b779897f76f584abb495af166e4a5696e7b74d4250bc4b1236406a2da4ff00482bd88a423e507b532323ed00d24bde174257505db155fcbdadb876a9a4970c7155e473e600a7e534d0b52e4c0bc636672464e2b3e600e4f3c5689631c6aca7181d6b3a6c64e0fcc4f34751c48a2c092363d430e2ba3bf304906e180d8e31d6b9fc2964db9c8ad093f858f03d6b5e7e556b6e6728f3322c32b6467e95242dfbc24127d734c320c9c0cd496f26d724ae0354c472762c9907dd230077aa174406c282171cfbd5b9240e99c7cc4d67dd483e6dc4823a7bd45bb0e2ca8f282dc702a6b63b651f2e7dea84d2019201e6ad58cbf32f715ba8684ca5a9bef8318da7b7154656c7b7bfad59dac61041e31c62aadc2e48001c7a573db5344c634ad9dab8c0ebef524722aa81dea991f3f0dc93d6a78187cd95e477ad1ec22ff1e50e718e6ab5c312066ace7cc8d7e5fc2a95c104f3c563668a440e4cac4751df14f830b800f4e3150807765475a922529f78e47635a496824f52fa80d91c9039a86653f8f4c8a9a3cf960ae3a74a8663803049acd0cab2fde19c8f4151c39dfc9efc1a7b46cc093db9151c20f049e4f6ad7a02dcd2418539e722925198fa0a10111f51c0e9eb4c2411f7ba8ef516114253b9c0e322a5b6cb74c0a8658f764a9e735340360c93922adad06996d5b3b7b11d4543704961dcd3f70c702a39f18dc3b528ad49932099763918e4d3ed8e2423bd46d2ef246324f7a744bdc9e6ae6821b1a51b9000c724567dce4cac4f7ab884f07b77aa970c4c8540e7d69d3224578c6e623a55e859547ef149c0e2a8142841ce79a9d59b23069f51bd5168102224d44f96c153c53b3ba339e09a8e16c291d0d5474443dc92219e2b16ef2d752139e0d6ca7727a81598c049212477aaa6f96ec992e663ad18171ed575d8b366a2b6882e7228dc771a4ddca4accb4876c4def562c9492a3d6ab15260e3a9ad6d0603232e4739a515776264ecae75f669b2d63181d2a6e3d07e74d5da140f414b95af492b2b1e737a8bc7a0fce8e3d07e74995a32b4085e3d07e7471e83f3a4cad195a005e3d07e7471e83f3a4cad195a005e3d07e752db2e665e3a7350e56acd9282cce3a0e29a065ba28a2ac9157bfd29b4e5eff4a6d344b254fba29d4d4fba29d5448514514005145140051451400514514005145140051451400514514005145140051451400514514008dd2994f6e94ca9602af7a5a45ef4b52c621eb4c6a79eb4c6a86521b4ddc29e290a02734c63770a370a5f2c51e58a004dc28dc297cb147962801370a370a5f2c51e58a004dc28dc297cb14796280303c5aa3ec625009db5c8394788155e7d6bd1351812587cb75cab57157f61f6572aa3e5cd706269b72b9dd87a894794cfd9fe8fd7a53447b00638c1ab2c83ca618c554de3ee39e3b573b8ab9d49e83665cb13d8d42833c639ab5370abb4704557d864724718a98af7994de85d6c1814fa56648319dbdcd6a46bba11ed542e7018719e69497bc117a159092c081f3679ad273b9541e322b340c316ce0e7a0ad1661e5a9ea71572f844b72061b491d88a75b8724a8e41f7a8e472c463a9a8f74824013e5e304d5d35dc89b2e4b841f302de9546e3f78486e9daac99cf97b58e38aa85c48a48e08153cba8d3d0a3708231b5b24f6a769e5b7039c5248f8e5866ac5b04c0201c7afa5752f84c64f536a172d0e491907a557ba73f7c100fa5496c1769da0edaad3ab3290703deb87a9d08ac010c02f53d73d6adc322b2ed2a7af535566568b0d8dc7fbd56a11b90161c91d6ade883a9737a85c8cfb7b553b9f5e78a9dc90012383c557b966e8a473eb59a291163602465bb6476a9550ec56c707bd45f32a64fe38a9617dc3041040e2b56b415f52d2fca838c8e9c543230249fd29ec8ca9ebc540570393f5358a5a8c8ddf6ab1193c7cb4d88ef5f9861aa27c46c72491ed5346e01ce739ade4b4253d4b0acca980339fd2931953ee685c79647209a40cbb48cf22b18a2994e40a26e41a955828e3a1f5a8a5620963c0ed52aaaed19e723a56ed684dc58f70270720f414b2b8181d81ed483a7a6289bee70067159a1b21697040e3e6e2a51f78608355950e79e4d5b8e2206770c554c48b16b3461082b96f5354ee3ef9dbd4d584c2e78e2ab326646663818e2aa0db25d90c4605081c914f4c851eb51c4a3352f07800822863b965406420f43558e132055c451e5e33ce2ab3a94cd55b422fa8f53fbb63e82a914cb839c735717fd4b64f5aa4c594f4a715a0afa9683811b1ee0543164904f7a7404b921876a555557c679f4a928bb1a65147ad753a04023404f5c64560d94465da146715d4d84230770c85000ae9a30eace4ad3e85fddec28ddec2a3f2d7fbabf951e5aff00757f2aeb396e49bbd851bbd8547e5aff00757f2a3cb5feeafe5405c9377b0a377b0a8fcb5feeafe54796bfdd5fca80b926ef6146ef6151f96bfdd5fca8f2d7fbabf9501724ddec2af591cc1ff02359c23507214035a363fea3fe0468426cb145145500abdfe94da72f7fa5369a2592a7dd14ea6a7dd14eaa2428a28a0028a28a0028a28a0028a28a0028a28a0028a28a0028a28a0028a28a0028a28a0028a28a0046e94ca7b74a654b0157bd2d22f7a5a96310f5a6353cf5a63543290da3268a4a6317268c9a4a2900b93464d251400b93464d251400b93464d251400c986e1b49c66b2af2cd6e14e4735aec7d40355a45c03e86a648b8bb1c76a16725be72a4afb562c88777cbc9f4af449a049108719158f73a0c5236f88ed615cd3a0a5aa3a615b9773989c108a1860d431be31e9deb6352d36e55798f781dc5641f932aea54fbd73ce1284ae74c26a4ac588c8453b49aa73382dc2e4d5a8f984e0727bd50c32c9cf4aca5ac933488d0ac7ef2f356b7621047257b50542a1c649a72a8587767935727a0afa95c70c1c743daa48d3ce5257af5a627385cf1de9f131864ca73f5a71685242984c89c0e52a8cd0b97daa0818c9ad232b2c833c29aa974e3cd2149e7a55a7720c99808d80e4d5ab763f2af207ad30c6ccc491926a68942e7395751d2ba13d0c9ee6ed9aedb5f4cf155ee17200239f4f5a5b290343866e4536e5f7264b608e98ae396ba1d11d0a327048cd5880b200090d9aa8fc30e70c7afbd4f18d98c1196ed5495e2c25ba2c48cc4eecf4e6abcca700939fa76a9d8f033ce3a114c75dca1874ac52d4bb95a570176e700d3ac79380c5b3c8cd0f0878fae01a4b40d10ed8cf06b5e8245e941d879e4f5155a46e178fcea47766604f7ef4c3b58e1fa67935108ea127a159a372c598e327a7ad4f12ee21f81b4631eb50c8c071fc2a78a556555c91827a62b691099699bb0a68518e7afa5377fcbd73c7348a78e2b14aecb7b10caadbc1ea075a7ae4fe144c0795b8b6189e828898a8218839ad9a2130e7e6c8e7d69ec85a36239a66e0cc41ed4826310c7507a8a88ad751c9e840a7639c83ed5321c1ce78a4705959c0e0d247ec78ef573428b2d2b2b2939cd4320c120feb4e87054f6a8a76cff00173e94a9ad0527a8bb7e5dc7f0a58db076919f4a846e38cf5a9171c67839a6d05f42dbbed51d067ad559189e01a74b20da33d6a2cee606a8943d87eef14a88ac0718ab16c8ae0eee4d59b6d2269b92362fbd5a83688734b733c92bc20c9f6a9ec3489a797cc90100d74169a4c508c843237ae2b52280c791247b7d322b68d1b6e612ad7d8ab6565e5011c6bf31ef5b11462240a39c77f5a228c46b81d4f53520add2b18377133466968a042668cd2d140099a334b45002668cd2d140099ad2b65d9020e7279e6a9dbc464707f854f27fa568d52130a28a2980abdfe94da72f7fa5369a2592a7dd14ea6a7dd14eaa2428a28a0028a28a0028a28a0028a28a0028a28a0028a28a0028a28a0028a28a0028a28a0028a28a0046e94ca7b74a654b0157bd2d22f7a5a96310f5a6353cf5a63543290da4a5a281894519a33400514668cd0014519a33400514668cd00215c9eb48d1e548cf5a7525032ac88dcae096f4151c6016c1abe38a6bc4ac77746f5f5a12b0f98acd1ab0e40aa173a65b5c70f1024fa0ad2208e0f5a700074e2895ba826d1cbdcf87158136f294f6ac5bad02fe327685907b577b301bd78ebd68207a0ac5d0848da35a513cd5adee22c89a19148f6a252a8832e013d8d7a43c51b70c8a7f0aa773a3595cff00ac8149fa5612c237b3368e27ba3ce81e495209fad48df2a8e7915d7cbe10b07e50327d0d539bc1b807c9b9607b679a9fabcd17f588339d0e1970cd822a0986dc1183cf7adc97c23a8267cb991c7b8aa72787b55889dd0a48bec697b2920f6b0ee6691c67f3aa72cbb24393cf6ad6934bbe4cefb5900f6e6ab7f663b8669639148f5535717cba306d3d992dacc17682339e734f6064dc01e0d519e43061151f23fd9355bfb52e21c6d8588ff76a7d9736a87ed144bd3c2ca831cfb9a6db1cb6739dbc1cd566d71e65f29edd933fc58a96cf232d8c8a72838ab0e33e6d4d06954ae05316529db823a5579650c3046290cd850320fd6b1499a0b2c9d1b1853daabfda1958ed395f4a8ee2524e0918150fdbe2b51929bcd5a84ac2e64b536a3be1e4840833eb464ca30b83eb58916a6b264988a64f07b55f8ee50a82a793d686a4b461eebd50b3a14500b6327914b136e51dc0fd6a1932ec0e48cd5a5b7f221de48c7bd56eb416cf500e0c679e940618c8cfe150c8c190e0834c8dc95c138f5159c57529b269369fbb9e79a5888524e7231d4d42ee060641cf4ab5668932107aad6d18f368652972ab9129c37de19351dc295e4038ad38ad13702172474e2acdcd84d3db18d226ddd88156a8db5b99bad73043b91856a7e7008ee7ad5c4d0f512702d9beb53af86353933944407d4d43837d0d3da457533e37da40078a636064fbd6fdb783e7e04d70a3d715af0786ad1100725f02b48d29194ab44e2db381b79f71522dbcd2e3cb89d89f415dc43a659c29f240a38cf3530455b752aa01dc4702a950ee43afd91c7c3a15ecf8263d9f5ad1b5f0be48f3652c7d16ba2b7ff5ebf4a9cffaf6ff0074568a94519bab26665be910c11e63550c3fbc2af7d9636503e6c9ee2a6519247ab1156e385633c124f4c9adb952b58cf56561198b6a118c0ed4e201e08c8ab5d460f4a8fc95f7fce8b058869696450ad81d2929030a28a2900514514005145140054b042666f451d4d1042666f451d4d682a8450aa30076a6909b05508a154600ed4b4515420a28a280157bfd29b4e5eff4a6d344b254fba29d4d4fba29d5448514514005145140051451400514514005145140051451400514514005145140051451400514514008dd2994f6e94ca9602af7a5a45ef4b52c621eb4c6a79eb4c6a86521b494b4940c28a28a0028a28a0028a28a0028a28a00285a285a005a28a280239bee532a49bee547498d114bf7d294f4a497efa529e9551181eb4aa32c01f4a43d69d1fdf1f4a007ed1d3151376a9aa16feb421213a91411d281d452b5310c6a428a4805548fa529ef47f10a6044d6b03f5893f2a8db4fb539cc09f955a1d0527734ac80a4da5591eb6e87f0a864f0fe9d28e6dc0cff0076b49bad3e3ea294a316b5438b6b6309fc25a61eb0b0cfbd467c21a59cfeedb8ff006aba57fba6a0f5a954e1d8be7977300f8374a2306227f1a6378334a6ff0096471f5ae929a3bd57b38f6173cbb9ccbf81f4d7002ee41e80d0be07d357a6f1ff0002ae9d68fe2353ece3d87ed27dce797c1f60b8cb487d39a5b8f0a69d26049e63003fbd5d01e82a397ef7e147b382e80ea4bb9cfa783f4a04009273fed54e3c2fa5c2c07d9f27ddab613efa513fdf5fa50a9c3b073cbb998345d3a361b6d23fc6ac43a7da22b14b78c6067815349f797e94e8fee49f4154a31ec436c6c36f16c2446a08f41474e800a961ff0056d5155344a1589e293d686ed47ad2286afde34e5fbbf81a6afde34e5fbbf81a6c0ae3ee7fc069a7fe3d57fde34e1f73fe034d3ff1eabfef1a4316dffd7afd2a73febcff00ba2a0b7ff5ebf4a9cffaf3fee8a100a9f7bfe05578f5aa29f7bfe05578f5ab6341451452190cdf7ff0a653e6fbff008532a592c28a28a40152fd9a6fee7eb53dbc1b30ee3e6ec3d2acd558467fd9a6fee7eb4e4b59198071b57b9cd5fa28b0ae22a8450aa30076a5a28a6014514500145145002af7fa5369cbdfe94da68964a9f7453a9a9f7453aa890a28a2800a28a2800a28a2800a28a2800a28a2800a28a2800a28a2800a28a2800a28a2800a28a28011ba5329edd29952c055ef4b48bde96a58c43d698d4f3d698d50ca4369296928185145140051451400514514005145140050b450b400b4514500326fb951d4937dca8e931a2297efa529e9492fdf4a53d2aa2303d69d1fdf1f4a69eb4e8fef8fa5004950b7f5a9aa16feb4212107514ad483a8a56a62ea30f7a3f88507bd1fc42980a3a0a4ee69474149dcd0211bad3e3ea298dd69f1f5143d86891fee9a83d6a77fba6a0f5a4863a9a3bd3a9a3bd310ab47f11a168fe2340c0f4151cbf7bf0a9704e00049f6a956ccbb0690e07a0eb401513efa513fdf5fa55d7b34dc1a32548ec7a554b9465652ca40f5c5034c824fbcbf4a747f724fa0a6c9f797e94e8fee49f414912c7c3feadaa2a961ff0056d51536240dda8f5a1bb51eb48a1abf78d397eefe069abf78d397eefe069b02b8fb9ff01a69ff008f55ff0078d387dcff0080d34ffc7aaffbc690c5b7ff005ebf4a9cff00af3fee8a82dffd7afd2a73febcff00ba28402a7deff8155e3d6a8a7deff8155e3d6ad8d0514514864337dffc2994f9beff00e14ca964b0ab96f06cc3b8f9bb0f4a2de0d98771f3761e953d52420a75369d4d83168a28a420a28a2800a28a2800a28a280157bfd29b4e5eff004a6d344b254fba29d4d4fba29d5448514514005145140051451400514514005145140051451400514514005145140051451400514514008dd2994f6e94ca9602af7a5a45ef4b52c621eb4c6a79eb4c6a86521b494b4940c28a28a0028a28a0028a28a0028a28a00285a285a005a28a2801937dca8ea49bee547498d114bf7d294f4a497efa529e9551181eb4e8fef8fa534f5a747f7c7d28024a85bfad4d50b7f5a109083a8a56a41d452b53175187bd1fc4283de8fe214c051d0527734a3a0a4ee68108dd69f1f514c6eb4f8fa8a1ec3448ff0074d41eb53bfdd3507ad2431d4d1de9d52c76ae796c283f9d3110ad4d1db3bfcc48507f3ab31c491fdd1cfa9eb4fa62b8c8e358c6147e34fa28a006d1db07a5145202b4d651c9cae51bdba7e5555ade4855f78c8238239ad3a5a00c987fd5b5455ab25ba3e48f909eb81d6a94b672c7ca8debedd7f2a1822bb76a3d686ed47ad2286afde34e5fbbf81a6afde34e5fbbf81a6c0ae3ee7fc069a7fe3d57fde34e1f73fe034d3ff1eabfef1a4316dffd7afd2a73febcff00ba2a0b7ff5ebf4a9cffaf3fee8a100a9f7bfe05578f5aa29f7bfe05578f5ab63414514f8d37f27eed21903c6ef20daa4f15621b758c8627730fc854dd06074a28b12145145300a75369d4313168a28a420a28a2800a28a2800a28a280157bfd29b4e5eff004a6d344b254fba29d4d4fba29d5448514514005145140051451400514514005145140051451400514514005145140051451400514514008dd2994f6e94cc1f4a4c055ef4b48a296a18c43d698d4f20d3483e86a5a1a19494eda7d0d26d3e87f2a2c509452ed6f43f951b5bd0fe545804a2976b7a1fca8dade87f2a2c02514bb5bd0fe546d6f43f95160128a5dade87f2a36b7a1fca8b00942d2ed6f43f95015bd0fe5458028a5da7d0fe546d3e87f2a2c2239bee54752ca8c538527f0a66c7feeb7e549a1a2097efa529e94e96372e9846fca831bff71bf2a691571a7ad3a3fbe3e94796f9fb8df95392370dca374f4a0571d50b7f5ab1b1bfba7f2a85a37fee375f4a1204307514ad4a229323e46fca94c6ff00dc6fca98888f7a3f8853cc527f71bf2a3ca9370f91bf2a603474149dcd3c4527f71bf2a3ca9327f76df9502236eb4f8fa8a1a2933feadbf2a7c71b82328df950f6042bfdd3507ad5978df07e46fcaa1f2a4e7f76df91a48a162ff5a9f5157ea9471b8914946c6476abb83e94c96145183e9460fa5020a28c1f4a307d2800a28c1f4a307d2800a28c1f4a307d2800a28c1f4a307d28031eebfe3e24ff007aa3f5ab1730cad348446e416ea14d47e44dcfee9ffef9341442bf78d397eefe069c2de6cffaa93fef934e5826dbfea9fa1fe13430298fb9ff0001a69ff8f55ff78d4e2da7dbfea64e9fdc34d36b3fd9d479126771e361a43b91dbff00af5fa54e7fd79ff74536deda713293048063ba1a98dbcde713e5498da3f84d0877189f7bfe05578f5a75bd898db7bfccdd718e01ab3b0ff77f4ab60995e34dfc9fbb53f4e074a5d8de868d8de8680b89452ec6f4346c6f4340ae2514bb1bd0d1b1bd0d017129d49b1bd0d3f69f4a04d89452ed3e946d3e94857128a5da7d28da7d280b89452ed3e946d3e9405c4a29769f4a369f4a02e0bdfe94da7a8233c53769f434d099227dd14ea6a7dd14eaa2428a28a0028a28a0028a28a0028a28a0028a28a0028a28a0028a28a0028a28a0028a28a0028a28a0028a28a0028a28a0028a28a0028a28a0028a28a0028a28a0028a28a0028a28a0028a28a0028a28a0028a28a0028a28a0028a28a0028a28a0028a28a0028a28a0028a28a0028a28a0028a28a0028a28a0028a28a0028a28a0028a28a0028a28a0028a28a0028a28a0028a28a0028a28a0028a28a0028a28a0028a28a0028a28a0028a28a0028a28a0028a28a0028a28a0028a28a0028a28a0028a28a0028a28a0028a28a0028a28a0028a28a0028a28a0028a28a0028a28a0028a28a0028a28a0028a28a0028a28a0028a28a0028a28a0028a28a0028a28a0028a28a0028a28a0028a28a0028a28a0028a28a0028a28a0028a28a0028a28a0028a28a0028a28a0028a28a0028a28a0028a28a0028a28a0028a28a0028a28a0028a28a0028a28a0028a28a0028a28a0028a28a0028a28a0028a28a0028a28a0028a28a0028a28a0028a28a0028a28a0028a28a0028a28a0028a28a0028a28a0028a28a0028a28a0028a28a0028a28a0028a28a0028a28a0028a28a0028a28a0028a28a0028a28a0028a28a0028a28a0028a28a0028a28a0028a28a0028a28a0028a28a0028a28a0028a28a0028a28a0028a28a0028a28a0028a28a0028a28a0028a28a0028a28a0028a28a0028a28a0028a28a0028a28a0028a28a0028a28a0028a28a0028a28a0028a28a0028a28a0028a28a0028a28a0028a28a0028a28a0028a28a0028a28a0028a28a0028a28a0028a28a0028a28a0028a28a0028a28a0028a28a0028a28a0028a28a0028a28a0028a28a0028a28a0028a28a0028a28a0028a28a0028a28a0028a28a00fffd9, '2022-10-30', 'user10');
INSERT INTO `post` (`Post_ID`, `Title`, `Description`, `Images`, `Posted_On`, `User_ID`) VALUES
('post2', 'Chocolate Chip Cookies', 'Classic homemade cookies with gooey chocolate chips.', 0x30783146384230383030303030303030303030343030, '2022-02-10', 'user2'),
('post3', 'Grilled Steak', 'Juicy and flavorful steak cooked to perfection on the grill.', 0x30783146384230383030303030303030303030343030, '2022-03-05', 'user3'),
('post4', 'Baked Macaroni and Cheese', 'Creamy and cheesy pasta dish baked to golden perfection.', 0x30783146384230383030303030303030303030343030, '2022-04-20', 'user4'),
('post5', 'Blueberry Pancakes', 'Fluffy pancakes studded with fresh blueberries.', 0x30783146384230383030303030303030303030343030, '2022-05-18', 'user5'),
('post6', 'Grilled Portobello Mushrooms', 'Savory and smoky mushrooms marinated and grilled to perfection.', 0x30783146384230383030303030303030303030343030, '2022-06-12', 'user6'),
('post7', 'Spaghetti and Meatballs', 'Classic Italian dish with tender meatballs in marinara sauce served over spaghetti.', 0x30783146384230383030303030303030303030343030, '2022-07-08', 'user7'),
('post8', 'Vanilla Cupcakes', 'Moist and fluffy cupcakes with sweet vanilla frosting.', 0x30783146384230383030303030303030303030343030, '2022-08-25', 'user8'),
('post9', 'Beef Stroganoff', 'Creamy and flavorful beef dish served over egg noodles.', 0x30783146384230383030303030303030303030343030, '2022-09-17', 'user9');

-- --------------------------------------------------------

--
-- Table structure for table `postequipment`
--

CREATE TABLE `postequipment` (
  `Equipment` varchar(30) NOT NULL,
  `Post_ID` char(20) NOT NULL
) ENGINE=InnoDB DEFAULT CHARSET=utf8mb4 COLLATE=utf8mb4_general_ci;

--
-- Dumping data for table `postequipment`
--

INSERT INTO `postequipment` (`Equipment`, `Post_ID`) VALUES
('Knife', 'post1'),
('Blender', 'post10'),
('Spatula', 'post2'),
('Mixing Bowl', 'post3'),
('Cutting Board', 'post4'),
('Oven', 'post5'),
('Whisk', 'post6'),
('Grill', 'post7'),
('Measuring Cups', 'post8'),
('Baking Sheet', 'post9');

-- --------------------------------------------------------

--
-- Table structure for table `rated`
--

CREATE TABLE `rated` (
  `Post_ID` char(20) NOT NULL,
  `User_ID` char(20) NOT NULL,
  `Rating` int(1) NOT NULL,
  `Comment` varchar(200) NOT NULL
) ENGINE=InnoDB DEFAULT CHARSET=utf8mb4 COLLATE=utf8mb4_general_ci;

--
-- Dumping data for table `rated`
--

INSERT INTO `rated` (`Post_ID`, `User_ID`, `Rating`, `Comment`) VALUES
('post1', 'user1', 5, 'Great recipe!'),
('post2', 'user2', 4, 'Delicious!'),
('post3', 'user3', 3, 'Needs improvement.'),
('post4', 'user4', 5, 'Amazing dish!'),
('post5', 'user1', 4, 'Impressive flavors!'),
('post6', 'user3', 3, 'Interesting twist on a classic recipe.'),
('post7', 'user2', 5, 'Mouthwatering!'),
('post8', 'user5', 4, 'Simple yet tasty.'),
('post1', 'user5', 2, 'Meh. Its aight');

-- --------------------------------------------------------

--
-- Stand-in structure for view `recent_posts_view`
-- (See below for the actual view)
--
CREATE TABLE `recent_posts_view` (
`Post_ID` char(20)
,`Title` varchar(40)
,`Description` varchar(200)
,`Images` blob
,`Posted_On` date
,`User_ID` char(20)
);

-- --------------------------------------------------------

--
-- Stand-in structure for view `recent_posts_view_with_displayname`
-- (See below for the actual view)
--
CREATE TABLE `recent_posts_view_with_displayname` (
`Post_ID` char(20)
,`Title` varchar(40)
,`Description` varchar(200)
,`Images` blob
,`Posted_On` date
,`User_ID` char(20)
,`Display_Name` varchar(30)
);

-- --------------------------------------------------------

--
-- Table structure for table `savedrecipe`
--

CREATE TABLE `savedrecipe` (
  `Post_ID` char(20) NOT NULL,
  `User_ID` char(20) NOT NULL
) ENGINE=InnoDB DEFAULT CHARSET=utf8mb4 COLLATE=utf8mb4_general_ci;

--
-- Dumping data for table `savedrecipe`
--

INSERT INTO `savedrecipe` (`Post_ID`, `User_ID`) VALUES
('post1', 'user1'),
('post2', 'user2'),
('post3', 'user3'),
('post4', 'user4'),
('post5', 'user1'),
('post6', 'user3'),
('post7', 'user2');

-- --------------------------------------------------------

--
-- Table structure for table `userprofile`
--

CREATE TABLE `userprofile` (
  `User_ID` char(20) NOT NULL,
  `Display_Name` varchar(30) NOT NULL,
  `Bio` varchar(200) NOT NULL,
  `Password` varchar(15) NOT NULL,
  `Email` varchar(100) NOT NULL
) ENGINE=InnoDB DEFAULT CHARSET=utf8mb4 COLLATE=utf8mb4_general_ci;

--
-- Dumping data for table `userprofile`
--

INSERT INTO `userprofile` (`User_ID`, `Display_Name`, `Bio`, `Password`, `Email`) VALUES
('user1', 'John Doe', 'I love cooking!', 'mypassword', 'john.doe@example.com'),
('user10', 'Sophia Wilson', 'Food blogger', 'foodblog123', 'sophia.wilson@example.com'),
('user2', 'Jane Smith', 'Food enthusiast', 'myp@ssword', 'jane.smith@example.com'),
('user3', 'Mark Johnson', 'Chef in training', 'password123', 'mark.johnson@example.com'),
('user4', 'Sarah Williams', 'Passionate foodie', 'pass123', 'sarah.williams@example.com'),
('user5', 'Michael Brown', 'Home cook extraordinaire', 'cookingislife', 'michael.brown@example.com'),
('user6', 'Emily Davis', 'Food lover and traveler', 'foodie456', 'emily.davis@example.com'),
('user7', 'David Lee', 'Culinary adventurer', 'tasteexplorer', 'david.lee@example.com'),
('user8', 'Olivia Smith', 'Baking enthusiast', 'baking123', 'olivia.smith@example.com'),
('user9', 'Jacob Johnson', 'Gourmet chef in training', 'gourmetchef1', 'jacob.johnson@example.com');

-- --------------------------------------------------------

--
-- Structure for view `recent_posts_view`
--
DROP TABLE IF EXISTS `recent_posts_view`;

CREATE ALGORITHM=UNDEFINED DEFINER=`root`@`localhost` SQL SECURITY DEFINER VIEW `recent_posts_view`  AS SELECT `post`.`Post_ID` AS `Post_ID`, `post`.`Title` AS `Title`, `post`.`Description` AS `Description`, `post`.`Images` AS `Images`, `post`.`Posted_On` AS `Posted_On`, `post`.`User_ID` AS `User_ID` FROM `post` ORDER BY `post`.`Posted_On` DESC LIMIT 0, 12121212  ;

-- --------------------------------------------------------

--
-- Structure for view `recent_posts_view_with_displayname`
--
DROP TABLE IF EXISTS `recent_posts_view_with_displayname`;

CREATE ALGORITHM=UNDEFINED DEFINER=`root`@`localhost` SQL SECURITY DEFINER VIEW `recent_posts_view_with_displayname`  AS SELECT `post`.`Post_ID` AS `Post_ID`, `post`.`Title` AS `Title`, `post`.`Description` AS `Description`, `post`.`Images` AS `Images`, `post`.`Posted_On` AS `Posted_On`, `post`.`User_ID` AS `User_ID`, `userprofile`.`Display_Name` AS `Display_Name` FROM (`post` join `userprofile` on(`post`.`User_ID` = `userprofile`.`User_ID`)) ORDER BY `post`.`Posted_On` DESC LIMIT 0, 12121212  ;

--
-- Indexes for dumped tables
--

--
-- Indexes for table `allergy`
--
ALTER TABLE `allergy`
  ADD KEY `Tag` (`Tag`),
  ADD KEY `User_ID` (`User_ID`);

--
-- Indexes for table `food`
--
ALTER TABLE `food`
  ADD PRIMARY KEY (`Tag`);

--
-- Indexes for table `ingredients`
--
ALTER TABLE `ingredients`
  ADD PRIMARY KEY (`Tag`),
  ADD KEY `Post_ID` (`Post_ID`);

--
-- Indexes for table `instructions`
--
ALTER TABLE `instructions`
  ADD PRIMARY KEY (`Post_ID`,`Step_Num`),
  ADD KEY `Post_ID` (`Post_ID`);

--
-- Indexes for table `post`
--
ALTER TABLE `post`
  ADD PRIMARY KEY (`Post_ID`),
  ADD KEY `User_ID` (`User_ID`);

--
-- Indexes for table `postequipment`
--
ALTER TABLE `postequipment`
  ADD PRIMARY KEY (`Equipment`),
  ADD KEY `Post_ID` (`Post_ID`);

--
-- Indexes for table `rated`
--
ALTER TABLE `rated`
  ADD KEY `Post_ID` (`Post_ID`),
  ADD KEY `User_ID` (`User_ID`);

--
-- Indexes for table `savedrecipe`
--
ALTER TABLE `savedrecipe`
  ADD KEY `Post_ID` (`Post_ID`),
  ADD KEY `User_ID` (`User_ID`);

--
-- Indexes for table `userprofile`
--
ALTER TABLE `userprofile`
  ADD PRIMARY KEY (`User_ID`);

--
-- Constraints for dumped tables
--

--
-- Constraints for table `allergy`
--
ALTER TABLE `allergy`
  ADD CONSTRAINT `allergy_ibfk_1` FOREIGN KEY (`Tag`) REFERENCES `food` (`Tag`),
  ADD CONSTRAINT `allergy_ibfk_2` FOREIGN KEY (`User_ID`) REFERENCES `userprofile` (`User_ID`);

--
-- Constraints for table `ingredients`
--
ALTER TABLE `ingredients`
  ADD CONSTRAINT `ingredients_ibfk_1` FOREIGN KEY (`Post_ID`) REFERENCES `post` (`Post_ID`),
  ADD CONSTRAINT `ingredients_ibfk_2` FOREIGN KEY (`Tag`) REFERENCES `food` (`Tag`);

--
-- Constraints for table `instructions`
--
ALTER TABLE `instructions`
  ADD CONSTRAINT `instructions_ibfk_1` FOREIGN KEY (`Post_ID`) REFERENCES `post` (`Post_ID`);

--
-- Constraints for table `post`
--
ALTER TABLE `post`
  ADD CONSTRAINT `post_ibfk_1` FOREIGN KEY (`User_ID`) REFERENCES `userprofile` (`User_ID`);

--
-- Constraints for table `postequipment`
--
ALTER TABLE `postequipment`
  ADD CONSTRAINT `postequipment_ibfk_1` FOREIGN KEY (`Post_ID`) REFERENCES `post` (`Post_ID`);

--
-- Constraints for table `rated`
--
ALTER TABLE `rated`
  ADD CONSTRAINT `rated_ibfk_1` FOREIGN KEY (`Post_ID`) REFERENCES `post` (`Post_ID`),
  ADD CONSTRAINT `rated_ibfk_2` FOREIGN KEY (`User_ID`) REFERENCES `userprofile` (`User_ID`);

--
-- Constraints for table `savedrecipe`
--
ALTER TABLE `savedrecipe`
  ADD CONSTRAINT `savedrecipe_ibfk_1` FOREIGN KEY (`Post_ID`) REFERENCES `post` (`Post_ID`),
  ADD CONSTRAINT `savedrecipe_ibfk_2` FOREIGN KEY (`User_ID`) REFERENCES `userprofile` (`User_ID`);
COMMIT;

/*!40101 SET CHARACTER_SET_CLIENT=@OLD_CHARACTER_SET_CLIENT */;
/*!40101 SET CHARACTER_SET_RESULTS=@OLD_CHARACTER_SET_RESULTS */;
/*!40101 SET COLLATION_CONNECTION=@OLD_COLLATION_CONNECTION */;
